,e_serial_p0,Direction_p0,e_high_p0,e_low_p0,e_close_p0,e_serial_p1,Direction_p1,e_high_p1,e_low_p1,e_close_p1,e_serial_p2,Direction_p2,e_high_p2,e_low_p2,e_close_p2,e_serial_p3,Direction_p3,e_high_p3,e_low_p3,e_close_p3,e_serial_p4,Direction_p4,e_high_p4,e_low_p4,e_close_p4,e_serial_p5,Direction_p5,e_high_p5,e_low_p5,e_close_p5,w0,w1,w2,w3,w4,w5,c_serial,c_high,c_low,c_close,c_time
0,399,Bear,1.40014,1.396345,1.396735,451,Bull,1.38891,1.387145,1.3875451,464,Bear,1.393965,1.391945,1.3926301,493,Bull,1.383575,1.38141,1.382365,515,Bear,1.3873,1.38475,1.3861899,522,Bull,1.38136,1.3798549,1.3812051,2021-06-23 22:00:00,2021-06-26 02:00:00,2021-06-28 15:00:00,2021-06-29 20:00:00,2021-06-30 18:00:00,2021-07-01 01:00:00,525,1.383815,1.3829551,1.38318,2021-07-01 04:00:00
1,417,Bear,1.39866,1.3956499,1.397035,451,Bull,1.38891,1.387145,1.3875451,464,Bear,1.393965,1.391945,1.3926301,493,Bull,1.383575,1.38141,1.382365,515,Bear,1.3873,1.38475,1.3861899,522,Bull,1.38136,1.3798549,1.3812051,2021-06-24 16:00:00,2021-06-26 02:00:00,2021-06-28 15:00:00,2021-06-29 20:00:00,2021-06-30 18:00:00,2021-07-01 01:00:00,525,1.383815,1.3829551,1.38318,2021-07-01 04:00:00
2,399,Bear,1.40014,1.396345,1.396735,451,Bull,1.38891,1.387145,1.3875451,464,Bear,1.393965,1.391945,1.3926301,493,Bull,1.383575,1.38141,1.382365,515,Bear,1.3873,1.38475,1.3861899,539,Bull,1.37922,1.37651,1.37913,2021-06-23 22:00:00,2021-06-26 02:00:00,2021-06-28 15:00:00,2021-06-29 20:00:00,2021-06-30 18:00:00,2021-07-01 18:00:00,541,1.3817949,1.38043,1.3810799,2021-07-01 20:00:00
3,417,Bear,1.39866,1.3956499,1.397035,451,Bull,1.38891,1.387145,1.3875451,464,Bear,1.393965,1.391945,1.3926301,493,Bull,1.383575,1.38141,1.382365,515,Bear,1.3873,1.38475,1.3861899,539,Bull,1.37922,1.37651,1.37913,2021-06-24 16:00:00,2021-06-26 02:00:00,2021-06-28 15:00:00,2021-06-29 20:00:00,2021-06-30 18:00:00,2021-07-01 18:00:00,541,1.3817949,1.38043,1.3810799,2021-07-01 20:00:00
4,399,Bear,1.40014,1.396345,1.396735,451,Bull,1.38891,1.387145,1.3875451,464,Bear,1.393965,1.391945,1.3926301,493,Bull,1.383575,1.38141,1.382365,515,Bear,1.3873,1.38475,1.3861899,548,Bull,1.376035,1.3752849,1.375785,2021-06-23 22:00:00,2021-06-26 02:00:00,2021-06-28 15:00:00,2021-06-29 20:00:00,2021-06-30 18:00:00,2021-07-02 03:00:00,550,1.376635,1.37594,1.3763399,2021-07-02 05:00:00
5,417,Bear,1.39866,1.3956499,1.397035,451,Bull,1.38891,1.387145,1.3875451,464,Bear,1.393965,1.391945,1.3926301,493,Bull,1.383575,1.38141,1.382365,515,Bear,1.3873,1.38475,1.3861899,548,Bull,1.376035,1.3752849,1.375785,2021-06-24 16:00:00,2021-06-26 02:00:00,2021-06-28 15:00:00,2021-06-29 20:00:00,2021-06-30 18:00:00,2021-07-02 03:00:00,550,1.376635,1.37594,1.3763399,2021-07-02 05:00:00
6,399,Bear,1.40014,1.396345,1.396735,451,Bull,1.38891,1.387145,1.3875451,464,Bear,1.393965,1.391945,1.3926301,493,Bull,1.383575,1.38141,1.382365,515,Bear,1.3873,1.38475,1.3861899,551,Bull,1.37634,1.37519,1.37607,2021-06-23 22:00:00,2021-06-26 02:00:00,2021-06-28 15:00:00,2021-06-29 20:00:00,2021-06-30 18:00:00,2021-07-02 06:00:00,557,1.377655,1.3768001,1.377105,2021-07-02 12:00:00
7,417,Bear,1.39866,1.3956499,1.397035,451,Bull,1.38891,1.387145,1.3875451,464,Bear,1.393965,1.391945,1.3926301,493,Bull,1.383575,1.38141,1.382365,515,Bear,1.3873,1.38475,1.3861899,551,Bull,1.37634,1.37519,1.37607,2021-06-24 16:00:00,2021-06-26 02:00:00,2021-06-28 15:00:00,2021-06-29 20:00:00,2021-06-30 18:00:00,2021-07-02 06:00:00,557,1.377655,1.3768001,1.377105,2021-07-02 12:00:00
8,417,Bear,1.39866,1.3956499,1.397035,451,Bull,1.38891,1.387145,1.3875451,464,Bear,1.393965,1.391945,1.3926301,493,Bull,1.383575,1.38141,1.382365,515,Bear,1.3873,1.38475,1.3861899,565,Bull,1.37872,1.3731899,1.37801,2021-06-24 16:00:00,2021-06-26 02:00:00,2021-06-28 15:00:00,2021-06-29 20:00:00,2021-06-30 18:00:00,2021-07-02 20:00:00,568,1.3796649,1.3780849,1.3792701,2021-07-02 23:00:00
9,854,Bull,1.3617599,1.3572049,1.3614049,865,Bear,1.3642249,1.362965,1.36343,871,Bull,1.3617051,1.3591249,1.3615899,902,Bear,1.37872,1.37644,1.3767049,924,Bull,1.374045,1.372005,1.3735449,953,Bear,1.3833599,1.382445,1.3827751,2021-07-20 21:00:00,2021-07-21 08:00:00,2021-07-21 14:00:00,2021-07-22 21:00:00,2021-07-23 19:00:00,2021-07-27 00:00:00,955,1.3822899,1.3814,1.3814001,2021-07-27 02:00:00
10,854,Bull,1.3617599,1.3572049,1.3614049,865,Bear,1.3642249,1.362965,1.36343,871,Bull,1.3617051,1.3591249,1.3615899,902,Bear,1.37872,1.37644,1.3767049,924,Bull,1.374045,1.372005,1.3735449,979,Bear,1.38943,1.38866,1.388675,2021-07-20 21:00:00,2021-07-21 08:00:00,2021-07-21 14:00:00,2021-07-22 21:00:00,2021-07-23 19:00:00,2021-07-28 02:00:00,985,1.3889749,1.3874149,1.387665,2021-07-28 08:00:00
11,854,Bull,1.3617599,1.3572049,1.3614049,865,Bear,1.3642249,1.362965,1.36343,871,Bull,1.3617051,1.3591249,1.3615899,953,Bear,1.3833599,1.382445,1.3827751,969,Bull,1.3796599,1.37667,1.3779349,979,Bear,1.38943,1.38866,1.388675,2021-07-20 21:00:00,2021-07-21 08:00:00,2021-07-21 14:00:00,2021-07-27 00:00:00,2021-07-27 16:00:00,2021-07-28 02:00:00,985,1.3889749,1.3874149,1.387665,2021-07-28 08:00:00
12,854,Bull,1.3617599,1.3572049,1.3614049,865,Bear,1.3642249,1.362965,1.36343,871,Bull,1.3617051,1.3591249,1.3615899,902,Bear,1.37872,1.37644,1.3767049,924,Bull,1.374045,1.372005,1.3735449,992,Bear,1.3895,1.38697,1.38728,2021-07-20 21:00:00,2021-07-21 08:00:00,2021-07-21 14:00:00,2021-07-22 21:00:00,2021-07-23 19:00:00,2021-07-28 15:00:00,998,1.3878751,1.38451,1.3849449,2021-07-28 21:00:00
13,854,Bull,1.3617599,1.3572049,1.3614049,865,Bear,1.3642249,1.362965,1.36343,871,Bull,1.3617051,1.3591249,1.3615899,953,Bear,1.3833599,1.382445,1.3827751,969,Bull,1.3796599,1.37667,1.3779349,992,Bear,1.3895,1.38697,1.38728,2021-07-20 21:00:00,2021-07-21 08:00:00,2021-07-21 14:00:00,2021-07-27 00:00:00,2021-07-27 16:00:00,2021-07-28 15:00:00,998,1.3878751,1.38451,1.3849449,2021-07-28 21:00:00
14,854,Bull,1.3617599,1.3572049,1.3614049,865,Bear,1.3642249,1.362965,1.36343,871,Bull,1.3617051,1.3591249,1.3615899,953,Bear,1.3833599,1.382445,1.3827751,969,Bull,1.3796599,1.37667,1.3779349,1023,Bear,1.398205,1.39641,1.3977001,2021-07-20 21:00:00,2021-07-21 08:00:00,2021-07-21 14:00:00,2021-07-27 00:00:00,2021-07-27 16:00:00,2021-07-29 22:00:00,1025,1.396585,1.3957751,1.39645,2021-07-30 00:00:00
15,854,Bull,1.3617599,1.3572049,1.3614049,865,Bear,1.3642249,1.362965,1.36343,871,Bull,1.3617051,1.3591249,1.3615899,992,Bear,1.3895,1.38697,1.38728,1003,Bull,1.3910451,1.3843601,1.3905001,1023,Bear,1.398205,1.39641,1.3977001,2021-07-20 21:00:00,2021-07-21 08:00:00,2021-07-21 14:00:00,2021-07-28 15:00:00,2021-07-29 02:00:00,2021-07-29 22:00:00,1025,1.396585,1.3957751,1.39645,2021-07-30 00:00:00
16,854,Bull,1.3617599,1.3572049,1.3614049,902,Bear,1.37872,1.37644,1.3767049,924,Bull,1.374045,1.372005,1.3735449,992,Bear,1.3895,1.38697,1.38728,1003,Bull,1.3910451,1.3843601,1.3905001,1023,Bear,1.398205,1.39641,1.3977001,2021-07-20 21:00:00,2021-07-22 21:00:00,2021-07-23 19:00:00,2021-07-28 15:00:00,2021-07-29 02:00:00,2021-07-29 22:00:00,1025,1.396585,1.3957751,1.39645,2021-07-30 00:00:00
17,871,Bull,1.3617051,1.3591249,1.3615899,902,Bear,1.37872,1.37644,1.3767049,924,Bull,1.374045,1.372005,1.3735449,992,Bear,1.3895,1.38697,1.38728,1003,Bull,1.3910451,1.3843601,1.3905001,1023,Bear,1.398205,1.39641,1.3977001,2021-07-21 14:00:00,2021-07-22 21:00:00,2021-07-23 19:00:00,2021-07-28 15:00:00,2021-07-29 02:00:00,2021-07-29 22:00:00,1025,1.396585,1.3957751,1.39645,2021-07-30 00:00:00
18,924,Bull,1.374045,1.372005,1.3735449,953,Bear,1.3833599,1.382445,1.3827751,969,Bull,1.3796599,1.37667,1.3779349,992,Bear,1.3895,1.38697,1.38728,1003,Bull,1.3910451,1.3843601,1.3905001,1023,Bear,1.398205,1.39641,1.3977001,2021-07-23 19:00:00,2021-07-27 00:00:00,2021-07-27 16:00:00,2021-07-28 15:00:00,2021-07-29 02:00:00,2021-07-29 22:00:00,1025,1.396585,1.3957751,1.39645,2021-07-30 00:00:00
19,854,Bull,1.3617599,1.3572049,1.3614049,865,Bear,1.3642249,1.362965,1.36343,871,Bull,1.3617051,1.3591249,1.3615899,953,Bear,1.3833599,1.382445,1.3827751,969,Bull,1.3796599,1.37667,1.3779349,1042,Bear,1.398345,1.3966899,1.3974049,2021-07-20 21:00:00,2021-07-21 08:00:00,2021-07-21 14:00:00,2021-07-27 00:00:00,2021-07-27 16:00:00,2021-07-30 17:00:00,1044,1.397505,1.3954101,1.395625,2021-07-30 19:00:00
20,854,Bull,1.3617599,1.3572049,1.3614049,865,Bear,1.3642249,1.362965,1.36343,871,Bull,1.3617051,1.3591249,1.3615899,992,Bear,1.3895,1.38697,1.38728,1003,Bull,1.3910451,1.3843601,1.3905001,1042,Bear,1.398345,1.3966899,1.3974049,2021-07-20 21:00:00,2021-07-21 08:00:00,2021-07-21 14:00:00,2021-07-28 15:00:00,2021-07-29 02:00:00,2021-07-30 17:00:00,1044,1.397505,1.3954101,1.395625,2021-07-30 19:00:00
21,854,Bull,1.3617599,1.3572049,1.3614049,865,Bear,1.3642249,1.362965,1.36343,871,Bull,1.3617051,1.3591249,1.3615899,1023,Bear,1.398205,1.39641,1.3977001,1038,Bull,1.39486,1.393455,1.3938849,1042,Bear,1.398345,1.3966899,1.3974049,2021-07-20 21:00:00,2021-07-21 08:00:00,2021-07-21 14:00:00,2021-07-29 22:00:00,2021-07-30 13:00:00,2021-07-30 17:00:00,1044,1.397505,1.3954101,1.395625,2021-07-30 19:00:00
22,854,Bull,1.3617599,1.3572049,1.3614049,902,Bear,1.37872,1.37644,1.3767049,924,Bull,1.374045,1.372005,1.3735449,992,Bear,1.3895,1.38697,1.38728,1003,Bull,1.3910451,1.3843601,1.3905001,1042,Bear,1.398345,1.3966899,1.3974049,2021-07-20 21:00:00,2021-07-22 21:00:00,2021-07-23 19:00:00,2021-07-28 15:00:00,2021-07-29 02:00:00,2021-07-30 17:00:00,1044,1.397505,1.3954101,1.395625,2021-07-30 19:00:00
23,854,Bull,1.3617599,1.3572049,1.3614049,902,Bear,1.37872,1.37644,1.3767049,924,Bull,1.374045,1.372005,1.3735449,1023,Bear,1.398205,1.39641,1.3977001,1038,Bull,1.39486,1.393455,1.3938849,1042,Bear,1.398345,1.3966899,1.3974049,2021-07-20 21:00:00,2021-07-22 21:00:00,2021-07-23 19:00:00,2021-07-29 22:00:00,2021-07-30 13:00:00,2021-07-30 17:00:00,1044,1.397505,1.3954101,1.395625,2021-07-30 19:00:00
24,854,Bull,1.3617599,1.3572049,1.3614049,953,Bear,1.3833599,1.382445,1.3827751,969,Bull,1.3796599,1.37667,1.3779349,1023,Bear,1.398205,1.39641,1.3977001,1038,Bull,1.39486,1.393455,1.3938849,1042,Bear,1.398345,1.3966899,1.3974049,2021-07-20 21:00:00,2021-07-27 00:00:00,2021-07-27 16:00:00,2021-07-29 22:00:00,2021-07-30 13:00:00,2021-07-30 17:00:00,1044,1.397505,1.3954101,1.395625,2021-07-30 19:00:00
25,854,Bull,1.3617599,1.3572049,1.3614049,992,Bear,1.3895,1.38697,1.38728,1003,Bull,1.3910451,1.3843601,1.3905001,1023,Bear,1.398205,1.39641,1.3977001,1038,Bull,1.39486,1.393455,1.3938849,1042,Bear,1.398345,1.3966899,1.3974049,2021-07-20 21:00:00,2021-07-28 15:00:00,2021-07-29 02:00:00,2021-07-29 22:00:00,2021-07-30 13:00:00,2021-07-30 17:00:00,1044,1.397505,1.3954101,1.395625,2021-07-30 19:00:00
26,871,Bull,1.3617051,1.3591249,1.3615899,902,Bear,1.37872,1.37644,1.3767049,924,Bull,1.374045,1.372005,1.3735449,992,Bear,1.3895,1.38697,1.38728,1003,Bull,1.3910451,1.3843601,1.3905001,1042,Bear,1.398345,1.3966899,1.3974049,2021-07-21 14:00:00,2021-07-22 21:00:00,2021-07-23 19:00:00,2021-07-28 15:00:00,2021-07-29 02:00:00,2021-07-30 17:00:00,1044,1.397505,1.3954101,1.395625,2021-07-30 19:00:00
27,871,Bull,1.3617051,1.3591249,1.3615899,902,Bear,1.37872,1.37644,1.3767049,924,Bull,1.374045,1.372005,1.3735449,1023,Bear,1.398205,1.39641,1.3977001,1038,Bull,1.39486,1.393455,1.3938849,1042,Bear,1.398345,1.3966899,1.3974049,2021-07-21 14:00:00,2021-07-22 21:00:00,2021-07-23 19:00:00,2021-07-29 22:00:00,2021-07-30 13:00:00,2021-07-30 17:00:00,1044,1.397505,1.3954101,1.395625,2021-07-30 19:00:00
28,871,Bull,1.3617051,1.3591249,1.3615899,953,Bear,1.3833599,1.382445,1.3827751,969,Bull,1.3796599,1.37667,1.3779349,1023,Bear,1.398205,1.39641,1.3977001,1038,Bull,1.39486,1.393455,1.3938849,1042,Bear,1.398345,1.3966899,1.3974049,2021-07-21 14:00:00,2021-07-27 00:00:00,2021-07-27 16:00:00,2021-07-29 22:00:00,2021-07-30 13:00:00,2021-07-30 17:00:00,1044,1.397505,1.3954101,1.395625,2021-07-30 19:00:00
29,871,Bull,1.3617051,1.3591249,1.3615899,992,Bear,1.3895,1.38697,1.38728,1003,Bull,1.3910451,1.3843601,1.3905001,1023,Bear,1.398205,1.39641,1.3977001,1038,Bull,1.39486,1.393455,1.3938849,1042,Bear,1.398345,1.3966899,1.3974049,2021-07-21 14:00:00,2021-07-28 15:00:00,2021-07-29 02:00:00,2021-07-29 22:00:00,2021-07-30 13:00:00,2021-07-30 17:00:00,1044,1.397505,1.3954101,1.395625,2021-07-30 19:00:00
30,924,Bull,1.374045,1.372005,1.3735449,953,Bear,1.3833599,1.382445,1.3827751,969,Bull,1.3796599,1.37667,1.3779349,992,Bear,1.3895,1.38697,1.38728,1003,Bull,1.3910451,1.3843601,1.3905001,1042,Bear,1.398345,1.3966899,1.3974049,2021-07-23 19:00:00,2021-07-27 00:00:00,2021-07-27 16:00:00,2021-07-28 15:00:00,2021-07-29 02:00:00,2021-07-30 17:00:00,1044,1.397505,1.3954101,1.395625,2021-07-30 19:00:00
31,924,Bull,1.374045,1.372005,1.3735449,953,Bear,1.3833599,1.382445,1.3827751,969,Bull,1.3796599,1.37667,1.3779349,1023,Bear,1.398205,1.39641,1.3977001,1038,Bull,1.39486,1.393455,1.3938849,1042,Bear,1.398345,1.3966899,1.3974049,2021-07-23 19:00:00,2021-07-27 00:00:00,2021-07-27 16:00:00,2021-07-29 22:00:00,2021-07-30 13:00:00,2021-07-30 17:00:00,1044,1.397505,1.3954101,1.395625,2021-07-30 19:00:00
32,924,Bull,1.374045,1.372005,1.3735449,992,Bear,1.3895,1.38697,1.38728,1003,Bull,1.3910451,1.3843601,1.3905001,1023,Bear,1.398205,1.39641,1.3977001,1038,Bull,1.39486,1.393455,1.3938849,1042,Bear,1.398345,1.3966899,1.3974049,2021-07-23 19:00:00,2021-07-28 15:00:00,2021-07-29 02:00:00,2021-07-29 22:00:00,2021-07-30 13:00:00,2021-07-30 17:00:00,1044,1.397505,1.3954101,1.395625,2021-07-30 19:00:00
33,969,Bull,1.3796599,1.37667,1.3779349,992,Bear,1.3895,1.38697,1.38728,1003,Bull,1.3910451,1.3843601,1.3905001,1023,Bear,1.398205,1.39641,1.3977001,1038,Bull,1.39486,1.393455,1.3938849,1042,Bear,1.398345,1.3966899,1.3974049,2021-07-27 16:00:00,2021-07-28 15:00:00,2021-07-29 02:00:00,2021-07-29 22:00:00,2021-07-30 13:00:00,2021-07-30 17:00:00,1044,1.397505,1.3954101,1.395625,2021-07-30 19:00:00
34,1023,Bear,1.398205,1.39641,1.3977001,1038,Bull,1.39486,1.393455,1.3938849,1042,Bear,1.398345,1.3966899,1.3974049,1059,Bull,1.38975,1.3886449,1.38973,1065,Bear,1.39326,1.39095,1.3921349,1069,Bull,1.39044,1.38844,1.38901,2021-07-29 22:00:00,2021-07-30 13:00:00,2021-07-30 17:00:00,2021-08-02 10:00:00,2021-08-02 16:00:00,2021-08-02 20:00:00,1071,1.391845,1.3889899,1.3898201,2021-08-02 22:00:00
35,1023,Bear,1.398205,1.39641,1.3977001,1038,Bull,1.39486,1.393455,1.3938849,1042,Bear,1.398345,1.3966899,1.3974049,1059,Bull,1.38975,1.3886449,1.38973,1065,Bear,1.39326,1.39095,1.3921349,1073,Bull,1.3898001,1.3875749,1.38955,2021-07-29 22:00:00,2021-07-30 13:00:00,2021-07-30 17:00:00,2021-08-02 10:00:00,2021-08-02 16:00:00,2021-08-03 00:00:00,1085,1.39046,1.3892801,1.38954,2021-08-03 12:00:00
36,1023,Bear,1.398205,1.39641,1.3977001,1038,Bull,1.39486,1.393455,1.3938849,1042,Bear,1.398345,1.3966899,1.3974049,1203,Bull,1.3843601,1.38362,1.3842599,1209,Bear,1.3872449,1.3852351,1.38644,1217,Bull,1.384125,1.38276,1.38326,2021-07-29 22:00:00,2021-07-30 13:00:00,2021-07-30 17:00:00,2021-08-10 10:00:00,2021-08-10 16:00:00,2021-08-11 00:00:00,1222,1.38462,1.383795,1.38422,2021-08-11 05:00:00
37,1042,Bear,1.398345,1.3966899,1.3974049,1073,Bull,1.3898001,1.3875749,1.38955,1118,Bear,1.3957751,1.39342,1.394915,1203,Bull,1.3843601,1.38362,1.3842599,1209,Bear,1.3872449,1.3852351,1.38644,1217,Bull,1.384125,1.38276,1.38326,2021-07-30 17:00:00,2021-08-03 00:00:00,2021-08-04 21:00:00,2021-08-10 10:00:00,2021-08-10 16:00:00,2021-08-11 00:00:00,1222,1.38462,1.383795,1.38422,2021-08-11 05:00:00
38,1042,Bear,1.398345,1.3966899,1.3974049,1073,Bull,1.3898001,1.3875749,1.38955,1118,Bear,1.3957751,1.39342,1.394915,1203,Bull,1.3843601,1.38362,1.3842599,1209,Bear,1.3872449,1.3852351,1.38644,1235,Bull,1.3819549,1.380285,1.3817401,2021-07-30 17:00:00,2021-08-03 00:00:00,2021-08-04 21:00:00,2021-08-10 10:00:00,2021-08-10 16:00:00,2021-08-11 18:00:00,1237,1.387615,1.38273,1.3860049,2021-08-11 20:00:00
39,1118,Bear,1.3957751,1.39342,1.394915,1235,Bull,1.3819549,1.380285,1.3817401,1242,Bear,1.3887949,1.387505,1.3876951,1337,Bull,1.3745899,1.372625,1.37268,1363,Bear,1.3786399,1.37489,1.3762,1406,Bull,1.363615,1.36023,1.3629551,2021-08-04 21:00:00,2021-08-11 18:00:00,2021-08-12 01:00:00,2021-08-18 00:00:00,2021-08-19 02:00:00,2021-08-20 21:00:00,1418,1.365505,1.36415,1.3649399,2021-08-23 09:00:00
40,1406,Bull,1.363615,1.36023,1.3629551,1489,Bear,1.3768001,1.37591,1.37609,1513,Bull,1.3700349,1.36799,1.36824,1634,Bear,1.3845451,1.3838351,1.384165,1643,Bull,1.383935,1.38181,1.3818951,1651,Bear,1.38919,1.3878701,1.3878851,2021-08-20 21:00:00,2021-08-26 08:00:00,2021-08-27 08:00:00,2021-09-03 09:00:00,2021-09-03 18:00:00,2021-09-04 02:00:00,1653,1.386965,1.385805,1.38672,2021-09-04 04:00:00
41,1406,Bull,1.363615,1.36023,1.3629551,1575,Bear,1.3808,1.37608,1.37613,1587,Bull,1.37415,1.3731251,1.3736451,1634,Bear,1.3845451,1.3838351,1.384165,1643,Bull,1.383935,1.38181,1.3818951,1651,Bear,1.38919,1.3878701,1.3878851,2021-08-20 21:00:00,2021-08-31 22:00:00,2021-09-01 10:00:00,2021-09-03 09:00:00,2021-09-03 18:00:00,2021-09-04 02:00:00,1653,1.386965,1.385805,1.38672,2021-09-04 04:00:00
42,1513,Bull,1.3700349,1.36799,1.36824,1575,Bear,1.3808,1.37608,1.37613,1587,Bull,1.37415,1.3731251,1.3736451,1634,Bear,1.3845451,1.3838351,1.384165,1643,Bull,1.383935,1.38181,1.3818951,1651,Bear,1.38919,1.3878701,1.3878851,2021-08-27 08:00:00,2021-08-31 22:00:00,2021-09-01 10:00:00,2021-09-03 09:00:00,2021-09-03 18:00:00,2021-09-04 02:00:00,1653,1.386965,1.385805,1.38672,2021-09-04 04:00:00
43,1814,Bear,1.39132,1.387635,1.388005,1827,Bull,1.38048,1.3792701,1.37974,1839,Bear,1.38539,1.3819449,1.3829751,1914,Bull,1.36625,1.3640699,1.3656349,1931,Bear,1.3693049,1.367645,1.36854,1958,Bull,1.3638599,1.3616049,1.363385,2021-09-14 21:00:00,2021-09-15 10:00:00,2021-09-15 22:00:00,2021-09-21 01:00:00,2021-09-21 18:00:00,2021-09-22 21:00:00,1960,1.366895,1.364255,1.36677,2021-09-22 23:00:00
44,1814,Bear,1.39132,1.387635,1.388005,1863,Bull,1.377815,1.37644,1.37685,1881,Bear,1.38129,1.378645,1.379535,1914,Bull,1.36625,1.3640699,1.3656349,1931,Bear,1.3693049,1.367645,1.36854,1958,Bull,1.3638599,1.3616049,1.363385,2021-09-14 21:00:00,2021-09-16 22:00:00,2021-09-17 16:00:00,2021-09-21 01:00:00,2021-09-21 18:00:00,2021-09-22 21:00:00,1960,1.366895,1.364255,1.36677,2021-09-22 23:00:00
45,1839,Bear,1.38539,1.3819449,1.3829751,1863,Bull,1.377815,1.37644,1.37685,1881,Bear,1.38129,1.378645,1.379535,1914,Bull,1.36625,1.3640699,1.3656349,1931,Bear,1.3693049,1.367645,1.36854,1958,Bull,1.3638599,1.3616049,1.363385,2021-09-15 22:00:00,2021-09-16 22:00:00,2021-09-17 16:00:00,2021-09-21 01:00:00,2021-09-21 18:00:00,2021-09-22 21:00:00,1960,1.366895,1.364255,1.36677,2021-09-22 23:00:00
46,1814,Bear,1.39132,1.387635,1.388005,1827,Bull,1.38048,1.3792701,1.37974,1839,Bear,1.38539,1.3819449,1.3829751,1914,Bull,1.36625,1.3640699,1.3656349,1931,Bear,1.3693049,1.367645,1.36854,1964,Bull,1.3649399,1.36095,1.3619001,2021-09-14 21:00:00,2021-09-15 10:00:00,2021-09-15 22:00:00,2021-09-21 01:00:00,2021-09-21 18:00:00,2021-09-23 03:00:00,1976,1.3657949,1.3643501,1.3656199,2021-09-23 15:00:00
47,1814,Bear,1.39132,1.387635,1.388005,1863,Bull,1.377815,1.37644,1.37685,1881,Bear,1.38129,1.378645,1.379535,1914,Bull,1.36625,1.3640699,1.3656349,1931,Bear,1.3693049,1.367645,1.36854,1964,Bull,1.3649399,1.36095,1.3619001,2021-09-14 21:00:00,2021-09-16 22:00:00,2021-09-17 16:00:00,2021-09-21 01:00:00,2021-09-21 18:00:00,2021-09-23 03:00:00,1976,1.3657949,1.3643501,1.3656199,2021-09-23 15:00:00
48,1839,Bear,1.38539,1.3819449,1.3829751,1863,Bull,1.377815,1.37644,1.37685,1881,Bear,1.38129,1.378645,1.379535,1914,Bull,1.36625,1.3640699,1.3656349,1931,Bear,1.3693049,1.367645,1.36854,1964,Bull,1.3649399,1.36095,1.3619001,2021-09-15 22:00:00,2021-09-16 22:00:00,2021-09-17 16:00:00,2021-09-21 01:00:00,2021-09-21 18:00:00,2021-09-23 03:00:00,1976,1.3657949,1.3643501,1.3656199,2021-09-23 15:00:00
49,1814,Bear,1.39132,1.387635,1.388005,1827,Bull,1.38048,1.3792701,1.37974,1839,Bear,1.38539,1.3819449,1.3829751,1964,Bull,1.3649399,1.36095,1.3619001,1985,Bear,1.37508,1.37381,1.374515,2059,Bull,1.35379,1.3520751,1.35325,2021-09-14 21:00:00,2021-09-15 10:00:00,2021-09-15 22:00:00,2021-09-23 03:00:00,2021-09-24 00:00:00,2021-09-29 02:00:00,2061,1.35461,1.353425,1.3538,2021-09-29 04:00:00
50,1814,Bear,1.39132,1.387635,1.388005,1827,Bull,1.38048,1.3792701,1.37974,1839,Bear,1.38539,1.3819449,1.3829751,1964,Bull,1.3649399,1.36095,1.3619001,2031,Bear,1.3729,1.370395,1.3706601,2059,Bull,1.35379,1.3520751,1.35325,2021-09-14 21:00:00,2021-09-15 10:00:00,2021-09-15 22:00:00,2021-09-23 03:00:00,2021-09-27 22:00:00,2021-09-29 02:00:00,2061,1.35461,1.353425,1.3538,2021-09-29 04:00:00
51,1814,Bear,1.39132,1.387635,1.388005,1827,Bull,1.38048,1.3792701,1.37974,1839,Bear,1.38539,1.3819449,1.3829751,1964,Bull,1.3649399,1.36095,1.3619001,2046,Bear,1.3717451,1.371,1.3713751,2059,Bull,1.35379,1.3520751,1.35325,2021-09-14 21:00:00,2021-09-15 10:00:00,2021-09-15 22:00:00,2021-09-23 03:00:00,2021-09-28 13:00:00,2021-09-29 02:00:00,2061,1.35461,1.353425,1.3538,2021-09-29 04:00:00
52,1814,Bear,1.39132,1.387635,1.388005,1863,Bull,1.377815,1.37644,1.37685,1881,Bear,1.38129,1.378645,1.379535,1964,Bull,1.3649399,1.36095,1.3619001,1985,Bear,1.37508,1.37381,1.374515,2059,Bull,1.35379,1.3520751,1.35325,2021-09-14 21:00:00,2021-09-16 22:00:00,2021-09-17 16:00:00,2021-09-23 03:00:00,2021-09-24 00:00:00,2021-09-29 02:00:00,2061,1.35461,1.353425,1.3538,2021-09-29 04:00:00
53,1814,Bear,1.39132,1.387635,1.388005,1863,Bull,1.377815,1.37644,1.37685,1881,Bear,1.38129,1.378645,1.379535,1964,Bull,1.3649399,1.36095,1.3619001,2031,Bear,1.3729,1.370395,1.3706601,2059,Bull,1.35379,1.3520751,1.35325,2021-09-14 21:00:00,2021-09-16 22:00:00,2021-09-17 16:00:00,2021-09-23 03:00:00,2021-09-27 22:00:00,2021-09-29 02:00:00,2061,1.35461,1.353425,1.3538,2021-09-29 04:00:00
54,1814,Bear,1.39132,1.387635,1.388005,1863,Bull,1.377815,1.37644,1.37685,1881,Bear,1.38129,1.378645,1.379535,1964,Bull,1.3649399,1.36095,1.3619001,2046,Bear,1.3717451,1.371,1.3713751,2059,Bull,1.35379,1.3520751,1.35325,2021-09-14 21:00:00,2021-09-16 22:00:00,2021-09-17 16:00:00,2021-09-23 03:00:00,2021-09-28 13:00:00,2021-09-29 02:00:00,2061,1.35461,1.353425,1.3538,2021-09-29 04:00:00
55,1839,Bear,1.38539,1.3819449,1.3829751,1863,Bull,1.377815,1.37644,1.37685,1881,Bear,1.38129,1.378645,1.379535,1964,Bull,1.3649399,1.36095,1.3619001,1985,Bear,1.37508,1.37381,1.374515,2059,Bull,1.35379,1.3520751,1.35325,2021-09-15 22:00:00,2021-09-16 22:00:00,2021-09-17 16:00:00,2021-09-23 03:00:00,2021-09-24 00:00:00,2021-09-29 02:00:00,2061,1.35461,1.353425,1.3538,2021-09-29 04:00:00
56,1839,Bear,1.38539,1.3819449,1.3829751,1863,Bull,1.377815,1.37644,1.37685,1881,Bear,1.38129,1.378645,1.379535,1964,Bull,1.3649399,1.36095,1.3619001,2031,Bear,1.3729,1.370395,1.3706601,2059,Bull,1.35379,1.3520751,1.35325,2021-09-15 22:00:00,2021-09-16 22:00:00,2021-09-17 16:00:00,2021-09-23 03:00:00,2021-09-27 22:00:00,2021-09-29 02:00:00,2061,1.35461,1.353425,1.3538,2021-09-29 04:00:00
57,1839,Bear,1.38539,1.3819449,1.3829751,1863,Bull,1.377815,1.37644,1.37685,1881,Bear,1.38129,1.378645,1.379535,1964,Bull,1.3649399,1.36095,1.3619001,2046,Bear,1.3717451,1.371,1.3713751,2059,Bull,1.35379,1.3520751,1.35325,2021-09-15 22:00:00,2021-09-16 22:00:00,2021-09-17 16:00:00,2021-09-23 03:00:00,2021-09-28 13:00:00,2021-09-29 02:00:00,2061,1.35461,1.353425,1.3538,2021-09-29 04:00:00
58,1839,Bear,1.38539,1.3819449,1.3829751,1863,Bull,1.377815,1.37644,1.37685,1881,Bear,1.38129,1.378645,1.379535,2059,Bull,1.35379,1.3520751,1.35325,2071,Bear,1.355475,1.35337,1.3538849,2081,Bull,1.3442299,1.3411851,1.3424449,2021-09-15 22:00:00,2021-09-16 22:00:00,2021-09-17 16:00:00,2021-09-29 02:00:00,2021-09-29 14:00:00,2021-09-30 00:00:00,2091,1.3452699,1.344145,1.3450551,2021-09-30 10:00:00
59,1839,Bear,1.38539,1.3819449,1.3829751,1964,Bull,1.3649399,1.36095,1.3619001,1985,Bear,1.37508,1.37381,1.374515,2059,Bull,1.35379,1.3520751,1.35325,2071,Bear,1.355475,1.35337,1.3538849,2081,Bull,1.3442299,1.3411851,1.3424449,2021-09-15 22:00:00,2021-09-23 03:00:00,2021-09-24 00:00:00,2021-09-29 02:00:00,2021-09-29 14:00:00,2021-09-30 00:00:00,2091,1.3452699,1.344145,1.3450551,2021-09-30 10:00:00
60,1839,Bear,1.38539,1.3819449,1.3829751,1964,Bull,1.3649399,1.36095,1.3619001,2031,Bear,1.3729,1.370395,1.3706601,2059,Bull,1.35379,1.3520751,1.35325,2071,Bear,1.355475,1.35337,1.3538849,2081,Bull,1.3442299,1.3411851,1.3424449,2021-09-15 22:00:00,2021-09-23 03:00:00,2021-09-27 22:00:00,2021-09-29 02:00:00,2021-09-29 14:00:00,2021-09-30 00:00:00,2091,1.3452699,1.344145,1.3450551,2021-09-30 10:00:00
61,1839,Bear,1.38539,1.3819449,1.3829751,1964,Bull,1.3649399,1.36095,1.3619001,2046,Bear,1.3717451,1.371,1.3713751,2059,Bull,1.35379,1.3520751,1.35325,2071,Bear,1.355475,1.35337,1.3538849,2081,Bull,1.3442299,1.3411851,1.3424449,2021-09-15 22:00:00,2021-09-23 03:00:00,2021-09-28 13:00:00,2021-09-29 02:00:00,2021-09-29 14:00:00,2021-09-30 00:00:00,2091,1.3452699,1.344145,1.3450551,2021-09-30 10:00:00
62,1881,Bear,1.38129,1.378645,1.379535,1964,Bull,1.3649399,1.36095,1.3619001,1985,Bear,1.37508,1.37381,1.374515,2059,Bull,1.35379,1.3520751,1.35325,2071,Bear,1.355475,1.35337,1.3538849,2081,Bull,1.3442299,1.3411851,1.3424449,2021-09-17 16:00:00,2021-09-23 03:00:00,2021-09-24 00:00:00,2021-09-29 02:00:00,2021-09-29 14:00:00,2021-09-30 00:00:00,2091,1.3452699,1.344145,1.3450551,2021-09-30 10:00:00
63,1881,Bear,1.38129,1.378645,1.379535,1964,Bull,1.3649399,1.36095,1.3619001,2031,Bear,1.3729,1.370395,1.3706601,2059,Bull,1.35379,1.3520751,1.35325,2071,Bear,1.355475,1.35337,1.3538849,2081,Bull,1.3442299,1.3411851,1.3424449,2021-09-17 16:00:00,2021-09-23 03:00:00,2021-09-27 22:00:00,2021-09-29 02:00:00,2021-09-29 14:00:00,2021-09-30 00:00:00,2091,1.3452699,1.344145,1.3450551,2021-09-30 10:00:00
64,1881,Bear,1.38129,1.378645,1.379535,1964,Bull,1.3649399,1.36095,1.3619001,2046,Bear,1.3717451,1.371,1.3713751,2059,Bull,1.35379,1.3520751,1.35325,2071,Bear,1.355475,1.35337,1.3538849,2081,Bull,1.3442299,1.3411851,1.3424449,2021-09-17 16:00:00,2021-09-23 03:00:00,2021-09-28 13:00:00,2021-09-29 02:00:00,2021-09-29 14:00:00,2021-09-30 00:00:00,2091,1.3452699,1.344145,1.3450551,2021-09-30 10:00:00
65,1985,Bear,1.37508,1.37381,1.374515,2006,Bull,1.369405,1.365785,1.368835,2031,Bear,1.3729,1.370395,1.3706601,2059,Bull,1.35379,1.3520751,1.35325,2071,Bear,1.355475,1.35337,1.3538849,2081,Bull,1.3442299,1.3411851,1.3424449,2021-09-24 00:00:00,2021-09-24 21:00:00,2021-09-27 22:00:00,2021-09-29 02:00:00,2021-09-29 14:00:00,2021-09-30 00:00:00,2091,1.3452699,1.344145,1.3450551,2021-09-30 10:00:00
66,1985,Bear,1.37508,1.37381,1.374515,2006,Bull,1.369405,1.365785,1.368835,2046,Bear,1.3717451,1.371,1.3713751,2059,Bull,1.35379,1.3520751,1.35325,2071,Bear,1.355475,1.35337,1.3538849,2081,Bull,1.3442299,1.3411851,1.3424449,2021-09-24 00:00:00,2021-09-24 21:00:00,2021-09-28 13:00:00,2021-09-29 02:00:00,2021-09-29 14:00:00,2021-09-30 00:00:00,2091,1.3452699,1.344145,1.3450551,2021-09-30 10:00:00
67,2081,Bull,1.3442299,1.3411851,1.3424449,2104,Bear,1.3517449,1.346045,1.346925,2120,Bull,1.3466899,1.343365,1.34614,2137,Bear,1.357715,1.3557999,1.3557999,2144,Bull,1.3564451,1.35319,1.356255,2151,Bear,1.36404,1.3601949,1.360445,2021-09-30 00:00:00,2021-09-30 23:00:00,2021-10-01 15:00:00,2021-10-04 08:00:00,2021-10-04 15:00:00,2021-10-04 22:00:00,2161,1.3612399,1.35936,1.359535,2021-10-05 08:00:00
68,2081,Bull,1.3442299,1.3411851,1.3424449,2104,Bear,1.3517449,1.346045,1.346925,2120,Bull,1.3466899,1.343365,1.34614,2137,Bear,1.357715,1.3557999,1.3557999,2144,Bull,1.3564451,1.35319,1.356255,2176,Bear,1.3648,1.3621349,1.36398,2021-09-30 00:00:00,2021-09-30 23:00:00,2021-10-01 15:00:00,2021-10-04 08:00:00,2021-10-04 15:00:00,2021-10-05 23:00:00,2186,1.3629551,1.361215,1.3615849,2021-10-06 09:00:00
69,2081,Bull,1.3442299,1.3411851,1.3424449,2104,Bear,1.3517449,1.346045,1.346925,2120,Bull,1.3466899,1.343365,1.34614,2151,Bear,1.36404,1.3601949,1.360445,2162,Bull,1.3596301,1.358455,1.35919,2176,Bear,1.3648,1.3621349,1.36398,2021-09-30 00:00:00,2021-09-30 23:00:00,2021-10-01 15:00:00,2021-10-04 22:00:00,2021-10-05 09:00:00,2021-10-05 23:00:00,2186,1.3629551,1.361215,1.3615849,2021-10-06 09:00:00
70,2081,Bull,1.3442299,1.3411851,1.3424449,2137,Bear,1.357715,1.3557999,1.3557999,2144,Bull,1.3564451,1.35319,1.356255,2151,Bear,1.36404,1.3601949,1.360445,2162,Bull,1.3596301,1.358455,1.35919,2176,Bear,1.3648,1.3621349,1.36398,2021-09-30 00:00:00,2021-10-04 08:00:00,2021-10-04 15:00:00,2021-10-04 22:00:00,2021-10-05 09:00:00,2021-10-05 23:00:00,2186,1.3629551,1.361215,1.3615849,2021-10-06 09:00:00
71,2120,Bull,1.3466899,1.343365,1.34614,2137,Bear,1.357715,1.3557999,1.3557999,2144,Bull,1.3564451,1.35319,1.356255,2151,Bear,1.36404,1.3601949,1.360445,2162,Bull,1.3596301,1.358455,1.35919,2176,Bear,1.3648,1.3621349,1.36398,2021-10-01 15:00:00,2021-10-04 08:00:00,2021-10-04 15:00:00,2021-10-04 22:00:00,2021-10-05 09:00:00,2021-10-05 23:00:00,2186,1.3629551,1.361215,1.3615849,2021-10-06 09:00:00
72,2081,Bull,1.3442299,1.3411851,1.3424449,2104,Bear,1.3517449,1.346045,1.346925,2120,Bull,1.3466899,1.343365,1.34614,2137,Bear,1.357715,1.3557999,1.3557999,2144,Bull,1.3564451,1.35319,1.356255,2245,Bear,1.365865,1.3619001,1.3640499,2021-09-30 00:00:00,2021-09-30 23:00:00,2021-10-01 15:00:00,2021-10-04 08:00:00,2021-10-04 15:00:00,2021-10-08 20:00:00,2249,1.3629451,1.36112,1.36168,2021-10-09 00:00:00
73,2081,Bull,1.3442299,1.3411851,1.3424449,2104,Bear,1.3517449,1.346045,1.346925,2120,Bull,1.3466899,1.343365,1.34614,2176,Bear,1.3648,1.3621349,1.36398,2195,Bull,1.3573949,1.3544049,1.357305,2245,Bear,1.365865,1.3619001,1.3640499,2021-09-30 00:00:00,2021-09-30 23:00:00,2021-10-01 15:00:00,2021-10-05 23:00:00,2021-10-06 18:00:00,2021-10-08 20:00:00,2249,1.3629451,1.36112,1.36168,2021-10-09 00:00:00
74,2081,Bull,1.3442299,1.3411851,1.3424449,2104,Bear,1.3517449,1.346045,1.346925,2120,Bull,1.3466899,1.343365,1.34614,2176,Bear,1.3648,1.3621349,1.36398,2217,Bull,1.35927,1.357065,1.358765,2245,Bear,1.365865,1.3619001,1.3640499,2021-09-30 00:00:00,2021-09-30 23:00:00,2021-10-01 15:00:00,2021-10-05 23:00:00,2021-10-07 16:00:00,2021-10-08 20:00:00,2249,1.3629451,1.36112,1.36168,2021-10-09 00:00:00
75,2081,Bull,1.3442299,1.3411851,1.3424449,2104,Bear,1.3517449,1.346045,1.346925,2120,Bull,1.3466899,1.343365,1.34614,2176,Bear,1.3648,1.3621349,1.36398,2240,Bull,1.36012,1.358365,1.35924,2245,Bear,1.365865,1.3619001,1.3640499,2021-09-30 00:00:00,2021-09-30 23:00:00,2021-10-01 15:00:00,2021-10-05 23:00:00,2021-10-08 15:00:00,2021-10-08 20:00:00,2249,1.3629451,1.36112,1.36168,2021-10-09 00:00:00
76,2081,Bull,1.3442299,1.3411851,1.3424449,2104,Bear,1.3517449,1.346045,1.346925,2120,Bull,1.3466899,1.343365,1.34614,2137,Bear,1.357715,1.3557999,1.3557999,2144,Bull,1.3564451,1.35319,1.356255,2263,Bear,1.3673899,1.3650899,1.366485,2021-09-30 00:00:00,2021-09-30 23:00:00,2021-10-01 15:00:00,2021-10-04 08:00:00,2021-10-04 15:00:00,2021-10-11 14:00:00,2265,1.36569,1.3631849,1.3647449,2021-10-11 16:00:00
77,2081,Bull,1.3442299,1.3411851,1.3424449,2104,Bear,1.3517449,1.346045,1.346925,2120,Bull,1.3466899,1.343365,1.34614,2176,Bear,1.3648,1.3621349,1.36398,2195,Bull,1.3573949,1.3544049,1.357305,2263,Bear,1.3673899,1.3650899,1.366485,2021-09-30 00:00:00,2021-09-30 23:00:00,2021-10-01 15:00:00,2021-10-05 23:00:00,2021-10-06 18:00:00,2021-10-11 14:00:00,2265,1.36569,1.3631849,1.3647449,2021-10-11 16:00:00
78,2081,Bull,1.3442299,1.3411851,1.3424449,2104,Bear,1.3517449,1.346045,1.346925,2120,Bull,1.3466899,1.343365,1.34614,2176,Bear,1.3648,1.3621349,1.36398,2217,Bull,1.35927,1.357065,1.358765,2263,Bear,1.3673899,1.3650899,1.366485,2021-09-30 00:00:00,2021-09-30 23:00:00,2021-10-01 15:00:00,2021-10-05 23:00:00,2021-10-07 16:00:00,2021-10-11 14:00:00,2265,1.36569,1.3631849,1.3647449,2021-10-11 16:00:00
79,2081,Bull,1.3442299,1.3411851,1.3424449,2104,Bear,1.3517449,1.346045,1.346925,2120,Bull,1.3466899,1.343365,1.34614,2176,Bear,1.3648,1.3621349,1.36398,2240,Bull,1.36012,1.358365,1.35924,2263,Bear,1.3673899,1.3650899,1.366485,2021-09-30 00:00:00,2021-09-30 23:00:00,2021-10-01 15:00:00,2021-10-05 23:00:00,2021-10-08 15:00:00,2021-10-11 14:00:00,2265,1.36569,1.3631849,1.3647449,2021-10-11 16:00:00
80,2282,Bull,1.3591149,1.3580899,1.35902,2287,Bear,1.361225,1.359945,1.3607199,2289,Bull,1.36039,1.3568699,1.360075,2339,Bear,1.373445,1.3708501,1.3710401,2349,Bull,1.36771,1.366765,1.367265,2364,Bear,1.3758099,1.3742249,1.3751049,2021-10-12 09:00:00,2021-10-12 14:00:00,2021-10-12 16:00:00,2021-10-14 18:00:00,2021-10-15 04:00:00,2021-10-15 19:00:00,2366,1.3757501,1.3732951,1.375515,2021-10-15 21:00:00
81,2282,Bull,1.3591149,1.3580899,1.35902,2287,Bear,1.361225,1.359945,1.3607199,2289,Bull,1.36039,1.3568699,1.360075,2339,Bear,1.373445,1.3708501,1.3710401,2349,Bull,1.36771,1.366765,1.367265,2367,Bear,1.3773351,1.3743601,1.37693,2021-10-12 09:00:00,2021-10-12 14:00:00,2021-10-12 16:00:00,2021-10-14 18:00:00,2021-10-15 04:00:00,2021-10-15 22:00:00,2373,1.37509,1.37397,1.374975,2021-10-16 04:00:00
82,2195,Bull,1.3573949,1.3544049,1.357305,2263,Bear,1.3673899,1.3650899,1.366485,2289,Bull,1.36039,1.3568699,1.360075,2367,Bear,1.3773351,1.3743601,1.37693,2392,Bull,1.37274,1.3709099,1.3727,2412,Bear,1.3833799,1.381855,1.3824849,2021-10-06 18:00:00,2021-10-11 14:00:00,2021-10-12 16:00:00,2021-10-15 22:00:00,2021-10-18 23:00:00,2021-10-19 19:00:00,2414,1.3819051,1.3804951,1.3813901,2021-10-19 21:00:00
83,2217,Bull,1.35927,1.357065,1.358765,2263,Bear,1.3673899,1.3650899,1.366485,2289,Bull,1.36039,1.3568699,1.360075,2367,Bear,1.3773351,1.3743601,1.37693,2392,Bull,1.37274,1.3709099,1.3727,2412,Bear,1.3833799,1.381855,1.3824849,2021-10-07 16:00:00,2021-10-11 14:00:00,2021-10-12 16:00:00,2021-10-15 22:00:00,2021-10-18 23:00:00,2021-10-19 19:00:00,2414,1.3819051,1.3804951,1.3813901,2021-10-19 21:00:00
84,2240,Bull,1.36012,1.358365,1.35924,2263,Bear,1.3673899,1.3650899,1.366485,2289,Bull,1.36039,1.3568699,1.360075,2367,Bear,1.3773351,1.3743601,1.37693,2392,Bull,1.37274,1.3709099,1.3727,2412,Bear,1.3833799,1.381855,1.3824849,2021-10-08 15:00:00,2021-10-11 14:00:00,2021-10-12 16:00:00,2021-10-15 22:00:00,2021-10-18 23:00:00,2021-10-19 19:00:00,2414,1.3819051,1.3804951,1.3813901,2021-10-19 21:00:00
85,2282,Bull,1.3591149,1.3580899,1.35902,2287,Bear,1.361225,1.359945,1.3607199,2289,Bull,1.36039,1.3568699,1.360075,2367,Bear,1.3773351,1.3743601,1.37693,2392,Bull,1.37274,1.3709099,1.3727,2412,Bear,1.3833799,1.381855,1.3824849,2021-10-12 09:00:00,2021-10-12 14:00:00,2021-10-12 16:00:00,2021-10-15 22:00:00,2021-10-18 23:00:00,2021-10-19 19:00:00,2414,1.3819051,1.3804951,1.3813901,2021-10-19 21:00:00
86,2217,Bull,1.35927,1.357065,1.358765,2263,Bear,1.3673899,1.3650899,1.366485,2289,Bull,1.36039,1.3568699,1.360075,2367,Bear,1.3773351,1.3743601,1.37693,2392,Bull,1.37274,1.3709099,1.3727,2443,Bear,1.38346,1.382465,1.3832049,2021-10-07 16:00:00,2021-10-11 14:00:00,2021-10-12 16:00:00,2021-10-15 22:00:00,2021-10-18 23:00:00,2021-10-21 02:00:00,2445,1.3827851,1.382205,1.382395,2021-10-21 04:00:00
87,2217,Bull,1.35927,1.357065,1.358765,2263,Bear,1.3673899,1.3650899,1.366485,2289,Bull,1.36039,1.3568699,1.360075,2412,Bear,1.3833799,1.381855,1.3824849,2436,Bull,1.376575,1.3742399,1.374295,2443,Bear,1.38346,1.382465,1.3832049,2021-10-07 16:00:00,2021-10-11 14:00:00,2021-10-12 16:00:00,2021-10-19 19:00:00,2021-10-20 19:00:00,2021-10-21 02:00:00,2445,1.3827851,1.382205,1.382395,2021-10-21 04:00:00
88,2240,Bull,1.36012,1.358365,1.35924,2263,Bear,1.3673899,1.3650899,1.366485,2289,Bull,1.36039,1.3568699,1.360075,2367,Bear,1.3773351,1.3743601,1.37693,2392,Bull,1.37274,1.3709099,1.3727,2443,Bear,1.38346,1.382465,1.3832049,2021-10-08 15:00:00,2021-10-11 14:00:00,2021-10-12 16:00:00,2021-10-15 22:00:00,2021-10-18 23:00:00,2021-10-21 02:00:00,2445,1.3827851,1.382205,1.382395,2021-10-21 04:00:00
89,2240,Bull,1.36012,1.358365,1.35924,2263,Bear,1.3673899,1.3650899,1.366485,2289,Bull,1.36039,1.3568699,1.360075,2412,Bear,1.3833799,1.381855,1.3824849,2436,Bull,1.376575,1.3742399,1.374295,2443,Bear,1.38346,1.382465,1.3832049,2021-10-08 15:00:00,2021-10-11 14:00:00,2021-10-12 16:00:00,2021-10-19 19:00:00,2021-10-20 19:00:00,2021-10-21 02:00:00,2445,1.3827851,1.382205,1.382395,2021-10-21 04:00:00
90,2282,Bull,1.3591149,1.3580899,1.35902,2287,Bear,1.361225,1.359945,1.3607199,2289,Bull,1.36039,1.3568699,1.360075,2367,Bear,1.3773351,1.3743601,1.37693,2392,Bull,1.37274,1.3709099,1.3727,2443,Bear,1.38346,1.382465,1.3832049,2021-10-12 09:00:00,2021-10-12 14:00:00,2021-10-12 16:00:00,2021-10-15 22:00:00,2021-10-18 23:00:00,2021-10-21 02:00:00,2445,1.3827851,1.382205,1.382395,2021-10-21 04:00:00
91,2282,Bull,1.3591149,1.3580899,1.35902,2287,Bear,1.361225,1.359945,1.3607199,2289,Bull,1.36039,1.3568699,1.360075,2412,Bear,1.3833799,1.381855,1.3824849,2436,Bull,1.376575,1.3742399,1.374295,2443,Bear,1.38346,1.382465,1.3832049,2021-10-12 09:00:00,2021-10-12 14:00:00,2021-10-12 16:00:00,2021-10-19 19:00:00,2021-10-20 19:00:00,2021-10-21 02:00:00,2445,1.3827851,1.382205,1.382395,2021-10-21 04:00:00
92,2289,Bull,1.36039,1.3568699,1.360075,2339,Bear,1.373445,1.3708501,1.3710401,2349,Bull,1.36771,1.366765,1.367265,2412,Bear,1.3833799,1.381855,1.3824849,2436,Bull,1.376575,1.3742399,1.374295,2443,Bear,1.38346,1.382465,1.3832049,2021-10-12 16:00:00,2021-10-14 18:00:00,2021-10-15 04:00:00,2021-10-19 19:00:00,2021-10-20 19:00:00,2021-10-21 02:00:00,2445,1.3827851,1.382205,1.382395,2021-10-21 04:00:00
93,2412,Bear,1.3833799,1.381855,1.3824849,2436,Bull,1.376575,1.3742399,1.374295,2443,Bear,1.38346,1.382465,1.3832049,2627,Bull,1.3663449,1.3642,1.3654151,2630,Bear,1.3693299,1.367305,1.3674049,2652,Bull,1.36486,1.362575,1.364835,2021-10-19 19:00:00,2021-10-20 19:00:00,2021-10-21 02:00:00,2021-11-01 18:00:00,2021-11-01 21:00:00,2021-11-02 19:00:00,2654,1.366385,1.36308,1.363265,2021-11-02 21:00:00
94,2443,Bear,1.38346,1.382465,1.3832049,2489,Bull,1.37568,1.373585,1.37549,2532,Bear,1.3829651,1.380645,1.3806951,2627,Bull,1.3663449,1.3642,1.3654151,2630,Bear,1.3693299,1.367305,1.3674049,2652,Bull,1.36486,1.362575,1.364835,2021-10-21 02:00:00,2021-10-23 00:00:00,2021-10-26 19:00:00,2021-11-01 18:00:00,2021-11-01 21:00:00,2021-11-02 19:00:00,2654,1.366385,1.36308,1.363265,2021-11-02 21:00:00
95,2443,Bear,1.38346,1.382465,1.3832049,2559,Bull,1.37526,1.370955,1.371495,2584,Bear,1.38152,1.3796699,1.3803649,2627,Bull,1.3663449,1.3642,1.3654151,2630,Bear,1.3693299,1.367305,1.3674049,2652,Bull,1.36486,1.362575,1.364835,2021-10-21 02:00:00,2021-10-27 22:00:00,2021-10-28 23:00:00,2021-11-01 18:00:00,2021-11-01 21:00:00,2021-11-02 19:00:00,2654,1.366385,1.36308,1.363265,2021-11-02 21:00:00
96,2532,Bear,1.3829651,1.380645,1.3806951,2559,Bull,1.37526,1.370955,1.371495,2584,Bear,1.38152,1.3796699,1.3803649,2627,Bull,1.3663449,1.3642,1.3654151,2630,Bear,1.3693299,1.367305,1.3674049,2652,Bull,1.36486,1.362575,1.364835,2021-10-26 19:00:00,2021-10-27 22:00:00,2021-10-28 23:00:00,2021-11-01 18:00:00,2021-11-01 21:00:00,2021-11-02 19:00:00,2654,1.366385,1.36308,1.363265,2021-11-02 21:00:00
97,2412,Bear,1.3833799,1.381855,1.3824849,2436,Bull,1.376575,1.3742399,1.374295,2443,Bear,1.38346,1.382465,1.3832049,2627,Bull,1.3663449,1.3642,1.3654151,2630,Bear,1.3693299,1.367305,1.3674049,2657,Bull,1.3617699,1.36057,1.3606501,2021-10-19 19:00:00,2021-10-20 19:00:00,2021-10-21 02:00:00,2021-11-01 18:00:00,2021-11-01 21:00:00,2021-11-03 00:00:00,2659,1.36251,1.36133,1.3617599,2021-11-03 02:00:00
98,2443,Bear,1.38346,1.382465,1.3832049,2489,Bull,1.37568,1.373585,1.37549,2532,Bear,1.3829651,1.380645,1.3806951,2627,Bull,1.3663449,1.3642,1.3654151,2630,Bear,1.3693299,1.367305,1.3674049,2657,Bull,1.3617699,1.36057,1.3606501,2021-10-21 02:00:00,2021-10-23 00:00:00,2021-10-26 19:00:00,2021-11-01 18:00:00,2021-11-01 21:00:00,2021-11-03 00:00:00,2659,1.36251,1.36133,1.3617599,2021-11-03 02:00:00
99,2443,Bear,1.38346,1.382465,1.3832049,2559,Bull,1.37526,1.370955,1.371495,2584,Bear,1.38152,1.3796699,1.3803649,2627,Bull,1.3663449,1.3642,1.3654151,2630,Bear,1.3693299,1.367305,1.3674049,2657,Bull,1.3617699,1.36057,1.3606501,2021-10-21 02:00:00,2021-10-27 22:00:00,2021-10-28 23:00:00,2021-11-01 18:00:00,2021-11-01 21:00:00,2021-11-03 00:00:00,2659,1.36251,1.36133,1.3617599,2021-11-03 02:00:00
100,2532,Bear,1.3829651,1.380645,1.3806951,2559,Bull,1.37526,1.370955,1.371495,2584,Bear,1.38152,1.3796699,1.3803649,2627,Bull,1.3663449,1.3642,1.3654151,2630,Bear,1.3693299,1.367305,1.3674049,2657,Bull,1.3617699,1.36057,1.3606501,2021-10-26 19:00:00,2021-10-27 22:00:00,2021-10-28 23:00:00,2021-11-01 18:00:00,2021-11-01 21:00:00,2021-11-03 00:00:00,2659,1.36251,1.36133,1.3617599,2021-11-03 02:00:00
101,2532,Bear,1.3829651,1.380645,1.3806951,2559,Bull,1.37526,1.370955,1.371495,2584,Bear,1.38152,1.3796699,1.3803649,2723,Bull,1.3443849,1.3424399,1.34432,2769,Bear,1.36074,1.3561001,1.3600299,2805,Bull,1.341075,1.3401201,1.3404701,2021-10-26 19:00:00,2021-10-27 22:00:00,2021-10-28 23:00:00,2021-11-05 18:00:00,2021-11-09 17:00:00,2021-11-11 05:00:00,2808,1.342005,1.34068,1.3408899,2021-11-11 08:00:00
102,2532,Bear,1.3829651,1.380645,1.3806951,2657,Bull,1.3617699,1.36057,1.3606501,2688,Bear,1.36987,1.368845,1.3694,2723,Bull,1.3443849,1.3424399,1.34432,2769,Bear,1.36074,1.3561001,1.3600299,2805,Bull,1.341075,1.3401201,1.3404701,2021-10-26 19:00:00,2021-11-03 00:00:00,2021-11-04 07:00:00,2021-11-05 18:00:00,2021-11-09 17:00:00,2021-11-11 05:00:00,2808,1.342005,1.34068,1.3408899,2021-11-11 08:00:00
103,2584,Bear,1.38152,1.3796699,1.3803649,2657,Bull,1.3617699,1.36057,1.3606501,2688,Bear,1.36987,1.368845,1.3694,2723,Bull,1.3443849,1.3424399,1.34432,2769,Bear,1.36074,1.3561001,1.3600299,2805,Bull,1.341075,1.3401201,1.3404701,2021-10-28 23:00:00,2021-11-03 00:00:00,2021-11-04 07:00:00,2021-11-05 18:00:00,2021-11-09 17:00:00,2021-11-11 05:00:00,2808,1.342005,1.34068,1.3408899,2021-11-11 08:00:00
104,2532,Bear,1.3829651,1.380645,1.3806951,2559,Bull,1.37526,1.370955,1.371495,2584,Bear,1.38152,1.3796699,1.3803649,2723,Bull,1.3443849,1.3424399,1.34432,2769,Bear,1.36074,1.3561001,1.3600299,2811,Bull,1.340905,1.33927,1.340735,2021-10-26 19:00:00,2021-10-27 22:00:00,2021-10-28 23:00:00,2021-11-05 18:00:00,2021-11-09 17:00:00,2021-11-11 11:00:00,2813,1.341775,1.34062,1.3417399,2021-11-11 13:00:00
105,2532,Bear,1.3829651,1.380645,1.3806951,2657,Bull,1.3617699,1.36057,1.3606501,2688,Bear,1.36987,1.368845,1.3694,2723,Bull,1.3443849,1.3424399,1.34432,2769,Bear,1.36074,1.3561001,1.3600299,2811,Bull,1.340905,1.33927,1.340735,2021-10-26 19:00:00,2021-11-03 00:00:00,2021-11-04 07:00:00,2021-11-05 18:00:00,2021-11-09 17:00:00,2021-11-11 11:00:00,2813,1.341775,1.34062,1.3417399,2021-11-11 13:00:00
106,2584,Bear,1.38152,1.3796699,1.3803649,2657,Bull,1.3617699,1.36057,1.3606501,2688,Bear,1.36987,1.368845,1.3694,2723,Bull,1.3443849,1.3424399,1.34432,2769,Bear,1.36074,1.3561001,1.3600299,2811,Bull,1.340905,1.33927,1.340735,2021-10-28 23:00:00,2021-11-03 00:00:00,2021-11-04 07:00:00,2021-11-05 18:00:00,2021-11-09 17:00:00,2021-11-11 11:00:00,2813,1.341775,1.34062,1.3417399,2021-11-11 13:00:00
107,2584,Bear,1.38152,1.3796699,1.3803649,2657,Bull,1.3617699,1.36057,1.3606501,2688,Bear,1.36987,1.368845,1.3694,2723,Bull,1.3443849,1.3424399,1.34432,2769,Bear,1.36074,1.3561001,1.3600299,2816,Bull,1.3395,1.3364,1.3392849,2021-10-28 23:00:00,2021-11-03 00:00:00,2021-11-04 07:00:00,2021-11-05 18:00:00,2021-11-09 17:00:00,2021-11-11 16:00:00,2820,1.341265,1.339505,1.3406451,2021-11-11 20:00:00
108,2584,Bear,1.38152,1.3796699,1.3803649,2657,Bull,1.3617699,1.36057,1.3606501,2688,Bear,1.36987,1.368845,1.3694,2723,Bull,1.3443849,1.3424399,1.34432,2769,Bear,1.36074,1.3561001,1.3600299,2828,Bull,1.3366301,1.335865,1.3363299,2021-10-28 23:00:00,2021-11-03 00:00:00,2021-11-04 07:00:00,2021-11-05 18:00:00,2021-11-09 17:00:00,2021-11-12 04:00:00,2832,1.3371999,1.3359301,1.3359351,2021-11-12 08:00:00
109,2584,Bear,1.38152,1.3796699,1.3803649,2657,Bull,1.3617699,1.36057,1.3606501,2688,Bear,1.36987,1.368845,1.3694,2723,Bull,1.3443849,1.3424399,1.34432,2769,Bear,1.36074,1.3561001,1.3600299,2834,Bull,1.33624,1.335335,1.33606,2021-10-28 23:00:00,2021-11-03 00:00:00,2021-11-04 07:00:00,2021-11-05 18:00:00,2021-11-09 17:00:00,2021-11-12 10:00:00,2836,1.336545,1.335935,1.336545,2021-11-12 12:00:00
110,2935,Bear,1.3513651,1.34888,1.3510151,2941,Bull,1.3486099,1.34639,1.3466899,2959,Bear,1.35098,1.349015,1.3491349,3012,Bull,1.3361549,1.3342249,1.334805,3031,Bear,1.33901,1.336925,1.3371351,3043,Bull,1.333475,1.3315849,1.3321149,2021-11-18 15:00:00,2021-11-18 21:00:00,2021-11-19 15:00:00,2021-11-23 20:00:00,2021-11-24 15:00:00,2021-11-25 03:00:00,3051,1.3352499,1.33418,1.334825,2021-11-25 11:00:00
111,2935,Bear,1.3513651,1.34888,1.3510151,2962,Bull,1.3433349,1.340755,1.3431201,2988,Bear,1.34499,1.3436749,1.344545,3012,Bull,1.3361549,1.3342249,1.334805,3031,Bear,1.33901,1.336925,1.3371351,3043,Bull,1.333475,1.3315849,1.3321149,2021-11-18 15:00:00,2021-11-19 18:00:00,2021-11-22 20:00:00,2021-11-23 20:00:00,2021-11-24 15:00:00,2021-11-25 03:00:00,3051,1.3352499,1.33418,1.334825,2021-11-25 11:00:00
112,2959,Bear,1.35098,1.349015,1.3491349,2962,Bull,1.3433349,1.340755,1.3431201,2988,Bear,1.34499,1.3436749,1.344545,3012,Bull,1.3361549,1.3342249,1.334805,3031,Bear,1.33901,1.336925,1.3371351,3043,Bull,1.333475,1.3315849,1.3321149,2021-11-19 15:00:00,2021-11-19 18:00:00,2021-11-22 20:00:00,2021-11-23 20:00:00,2021-11-24 15:00:00,2021-11-25 03:00:00,3051,1.3352499,1.33418,1.334825,2021-11-25 11:00:00
113,2935,Bear,1.3513651,1.34888,1.3510151,2941,Bull,1.3486099,1.34639,1.3466899,2959,Bear,1.35098,1.349015,1.3491349,3012,Bull,1.3361549,1.3342249,1.334805,3031,Bear,1.33901,1.336925,1.3371351,3080,Bull,1.33168,1.3278401,1.33045,2021-11-18 15:00:00,2021-11-18 21:00:00,2021-11-19 15:00:00,2021-11-23 20:00:00,2021-11-24 15:00:00,2021-11-26 16:00:00,3083,1.333895,1.3318651,1.332955,2021-11-26 19:00:00
114,2935,Bear,1.3513651,1.34888,1.3510151,2941,Bull,1.3486099,1.34639,1.3466899,2959,Bear,1.35098,1.349015,1.3491349,3043,Bull,1.333475,1.3315849,1.3321149,3056,Bear,1.335365,1.333875,1.333875,3080,Bull,1.33168,1.3278401,1.33045,2021-11-18 15:00:00,2021-11-18 21:00:00,2021-11-19 15:00:00,2021-11-25 03:00:00,2021-11-25 16:00:00,2021-11-26 16:00:00,3083,1.333895,1.3318651,1.332955,2021-11-26 19:00:00
115,2935,Bear,1.3513651,1.34888,1.3510151,2962,Bull,1.3433349,1.340755,1.3431201,2988,Bear,1.34499,1.3436749,1.344545,3012,Bull,1.3361549,1.3342249,1.334805,3031,Bear,1.33901,1.336925,1.3371351,3080,Bull,1.33168,1.3278401,1.33045,2021-11-18 15:00:00,2021-11-19 18:00:00,2021-11-22 20:00:00,2021-11-23 20:00:00,2021-11-24 15:00:00,2021-11-26 16:00:00,3083,1.333895,1.3318651,1.332955,2021-11-26 19:00:00
116,2935,Bear,1.3513651,1.34888,1.3510151,2962,Bull,1.3433349,1.340755,1.3431201,2988,Bear,1.34499,1.3436749,1.344545,3043,Bull,1.333475,1.3315849,1.3321149,3056,Bear,1.335365,1.333875,1.333875,3080,Bull,1.33168,1.3278401,1.33045,2021-11-18 15:00:00,2021-11-19 18:00:00,2021-11-22 20:00:00,2021-11-25 03:00:00,2021-11-25 16:00:00,2021-11-26 16:00:00,3083,1.333895,1.3318651,1.332955,2021-11-26 19:00:00
117,2959,Bear,1.35098,1.349015,1.3491349,2962,Bull,1.3433349,1.340755,1.3431201,2988,Bear,1.34499,1.3436749,1.344545,3012,Bull,1.3361549,1.3342249,1.334805,3031,Bear,1.33901,1.336925,1.3371351,3080,Bull,1.33168,1.3278401,1.33045,2021-11-19 15:00:00,2021-11-19 18:00:00,2021-11-22 20:00:00,2021-11-23 20:00:00,2021-11-24 15:00:00,2021-11-26 16:00:00,3083,1.333895,1.3318651,1.332955,2021-11-26 19:00:00
118,2959,Bear,1.35098,1.349015,1.3491349,2962,Bull,1.3433349,1.340755,1.3431201,2988,Bear,1.34499,1.3436749,1.344545,3043,Bull,1.333475,1.3315849,1.3321149,3056,Bear,1.335365,1.333875,1.333875,3080,Bull,1.33168,1.3278401,1.33045,2021-11-19 15:00:00,2021-11-19 18:00:00,2021-11-22 20:00:00,2021-11-25 03:00:00,2021-11-25 16:00:00,2021-11-26 16:00:00,3083,1.333895,1.3318651,1.332955,2021-11-26 19:00:00
119,2935,Bear,1.3513651,1.34888,1.3510151,2941,Bull,1.3486099,1.34639,1.3466899,2959,Bear,1.35098,1.349015,1.3491349,3080,Bull,1.33168,1.3278401,1.33045,3130,Bear,1.33705,1.3345251,1.3354499,3136,Bull,1.3252399,1.3194749,1.325155,2021-11-18 15:00:00,2021-11-18 21:00:00,2021-11-19 15:00:00,2021-11-26 16:00:00,2021-11-30 18:00:00,2021-12-01 00:00:00,3138,1.32716,1.32531,1.32675,2021-12-01 02:00:00
120,2935,Bear,1.3513651,1.34888,1.3510151,2962,Bull,1.3433349,1.340755,1.3431201,2988,Bear,1.34499,1.3436749,1.344545,3080,Bull,1.33168,1.3278401,1.33045,3130,Bear,1.33705,1.3345251,1.3354499,3136,Bull,1.3252399,1.3194749,1.325155,2021-11-18 15:00:00,2021-11-19 18:00:00,2021-11-22 20:00:00,2021-11-26 16:00:00,2021-11-30 18:00:00,2021-12-01 00:00:00,3138,1.32716,1.32531,1.32675,2021-12-01 02:00:00
121,2959,Bear,1.35098,1.349015,1.3491349,2962,Bull,1.3433349,1.340755,1.3431201,2988,Bear,1.34499,1.3436749,1.344545,3080,Bull,1.33168,1.3278401,1.33045,3130,Bear,1.33705,1.3345251,1.3354499,3136,Bull,1.3252399,1.3194749,1.325155,2021-11-19 15:00:00,2021-11-19 18:00:00,2021-11-22 20:00:00,2021-11-26 16:00:00,2021-11-30 18:00:00,2021-12-01 00:00:00,3138,1.32716,1.32531,1.32675,2021-12-01 02:00:00
122,3364,Bull,1.3201151,1.3191249,1.320035,3392,Bear,1.328275,1.324595,1.3273549,3403,Bull,1.3243,1.3172,1.323875,3543,Bear,1.3438151,1.340575,1.3410101,3572,Bull,1.341635,1.33857,1.34139,3593,Bear,1.344355,1.343395,1.34396,2021-12-14 12:00:00,2021-12-15 16:00:00,2021-12-16 03:00:00,2021-12-23 23:00:00,2021-12-25 04:00:00,2021-12-28 01:00:00,3595,1.344245,1.343085,1.344175,2021-12-28 03:00:00
123,3403,Bull,1.3243,1.3172,1.323875,3421,Bear,1.33746,1.334625,1.33568,3465,Bull,1.32067,1.3173549,1.3185151,3543,Bear,1.3438151,1.340575,1.3410101,3572,Bull,1.341635,1.33857,1.34139,3593,Bear,1.344355,1.343395,1.34396,2021-12-16 03:00:00,2021-12-16 21:00:00,2021-12-20 17:00:00,2021-12-23 23:00:00,2021-12-25 04:00:00,2021-12-28 01:00:00,3595,1.344245,1.343085,1.344175,2021-12-28 03:00:00
124,3403,Bull,1.3243,1.3172,1.323875,3421,Bear,1.33746,1.334625,1.33568,3510,Bull,1.32567,1.3240349,1.32516,3543,Bear,1.3438151,1.340575,1.3410101,3572,Bull,1.341635,1.33857,1.34139,3593,Bear,1.344355,1.343395,1.34396,2021-12-16 03:00:00,2021-12-16 21:00:00,2021-12-22 14:00:00,2021-12-23 23:00:00,2021-12-25 04:00:00,2021-12-28 01:00:00,3595,1.344245,1.343085,1.344175,2021-12-28 03:00:00
125,3465,Bull,1.32067,1.3173549,1.3185151,3505,Bear,1.32752,1.3259399,1.32721,3510,Bull,1.32567,1.3240349,1.32516,3543,Bear,1.3438151,1.340575,1.3410101,3572,Bull,1.341635,1.33857,1.34139,3593,Bear,1.344355,1.343395,1.34396,2021-12-20 17:00:00,2021-12-22 09:00:00,2021-12-22 14:00:00,2021-12-23 23:00:00,2021-12-25 04:00:00,2021-12-28 01:00:00,3595,1.344245,1.343085,1.344175,2021-12-28 03:00:00
126,3364,Bull,1.3201151,1.3191249,1.320035,3392,Bear,1.328275,1.324595,1.3273549,3403,Bull,1.3243,1.3172,1.323875,3543,Bear,1.3438151,1.340575,1.3410101,3572,Bull,1.341635,1.33857,1.34139,3596,Bear,1.3445649,1.3436749,1.344305,2021-12-14 12:00:00,2021-12-15 16:00:00,2021-12-16 03:00:00,2021-12-23 23:00:00,2021-12-25 04:00:00,2021-12-28 04:00:00,3601,1.34392,1.34285,1.34306,2021-12-28 09:00:00
127,3403,Bull,1.3243,1.3172,1.323875,3421,Bear,1.33746,1.334625,1.33568,3465,Bull,1.32067,1.3173549,1.3185151,3543,Bear,1.3438151,1.340575,1.3410101,3572,Bull,1.341635,1.33857,1.34139,3596,Bear,1.3445649,1.3436749,1.344305,2021-12-16 03:00:00,2021-12-16 21:00:00,2021-12-20 17:00:00,2021-12-23 23:00:00,2021-12-25 04:00:00,2021-12-28 04:00:00,3601,1.34392,1.34285,1.34306,2021-12-28 09:00:00
128,3403,Bull,1.3243,1.3172,1.323875,3421,Bear,1.33746,1.334625,1.33568,3510,Bull,1.32567,1.3240349,1.32516,3543,Bear,1.3438151,1.340575,1.3410101,3572,Bull,1.341635,1.33857,1.34139,3596,Bear,1.3445649,1.3436749,1.344305,2021-12-16 03:00:00,2021-12-16 21:00:00,2021-12-22 14:00:00,2021-12-23 23:00:00,2021-12-25 04:00:00,2021-12-28 04:00:00,3601,1.34392,1.34285,1.34306,2021-12-28 09:00:00
129,3465,Bull,1.32067,1.3173549,1.3185151,3505,Bear,1.32752,1.3259399,1.32721,3510,Bull,1.32567,1.3240349,1.32516,3543,Bear,1.3438151,1.340575,1.3410101,3572,Bull,1.341635,1.33857,1.34139,3596,Bear,1.3445649,1.3436749,1.344305,2021-12-20 17:00:00,2021-12-22 09:00:00,2021-12-22 14:00:00,2021-12-23 23:00:00,2021-12-25 04:00:00,2021-12-28 04:00:00,3601,1.34392,1.34285,1.34306,2021-12-28 09:00:00
130,3364,Bull,1.3201151,1.3191249,1.320035,3392,Bear,1.328275,1.324595,1.3273549,3403,Bull,1.3243,1.3172,1.323875,3543,Bear,1.3438151,1.340575,1.3410101,3572,Bull,1.341635,1.33857,1.34139,3613,Bear,1.346165,1.3447249,1.345685,2021-12-14 12:00:00,2021-12-15 16:00:00,2021-12-16 03:00:00,2021-12-23 23:00:00,2021-12-25 04:00:00,2021-12-28 21:00:00,3615,1.3450451,1.3415251,1.34252,2021-12-28 23:00:00
131,3403,Bull,1.3243,1.3172,1.323875,3421,Bear,1.33746,1.334625,1.33568,3465,Bull,1.32067,1.3173549,1.3185151,3543,Bear,1.3438151,1.340575,1.3410101,3572,Bull,1.341635,1.33857,1.34139,3613,Bear,1.346165,1.3447249,1.345685,2021-12-16 03:00:00,2021-12-16 21:00:00,2021-12-20 17:00:00,2021-12-23 23:00:00,2021-12-25 04:00:00,2021-12-28 21:00:00,3615,1.3450451,1.3415251,1.34252,2021-12-28 23:00:00
132,3403,Bull,1.3243,1.3172,1.323875,3421,Bear,1.33746,1.334625,1.33568,3510,Bull,1.32567,1.3240349,1.32516,3543,Bear,1.3438151,1.340575,1.3410101,3572,Bull,1.341635,1.33857,1.34139,3613,Bear,1.346165,1.3447249,1.345685,2021-12-16 03:00:00,2021-12-16 21:00:00,2021-12-22 14:00:00,2021-12-23 23:00:00,2021-12-25 04:00:00,2021-12-28 21:00:00,3615,1.3450451,1.3415251,1.34252,2021-12-28 23:00:00
133,3465,Bull,1.32067,1.3173549,1.3185151,3505,Bear,1.32752,1.3259399,1.32721,3510,Bull,1.32567,1.3240349,1.32516,3543,Bear,1.3438151,1.340575,1.3410101,3572,Bull,1.341635,1.33857,1.34139,3613,Bear,1.346165,1.3447249,1.345685,2021-12-20 17:00:00,2021-12-22 09:00:00,2021-12-22 14:00:00,2021-12-23 23:00:00,2021-12-25 04:00:00,2021-12-28 21:00:00,3615,1.3450451,1.3415251,1.34252,2021-12-28 23:00:00
134,3403,Bull,1.3243,1.3172,1.323875,3421,Bear,1.33746,1.334625,1.33568,3465,Bull,1.32067,1.3173549,1.3185151,3543,Bear,1.3438151,1.340575,1.3410101,3572,Bull,1.341635,1.33857,1.34139,3639,Bear,1.3499551,1.347475,1.34853,2021-12-16 03:00:00,2021-12-16 21:00:00,2021-12-20 17:00:00,2021-12-23 23:00:00,2021-12-25 04:00:00,2021-12-29 23:00:00,3641,1.3490801,1.34691,1.3482399,2021-12-30 01:00:00
135,3403,Bull,1.3243,1.3172,1.323875,3421,Bear,1.33746,1.334625,1.33568,3465,Bull,1.32067,1.3173549,1.3185151,3613,Bear,1.346165,1.3447249,1.345685,3634,Bull,1.342655,1.3408599,1.34252,3639,Bear,1.3499551,1.347475,1.34853,2021-12-16 03:00:00,2021-12-16 21:00:00,2021-12-20 17:00:00,2021-12-28 21:00:00,2021-12-29 18:00:00,2021-12-29 23:00:00,3641,1.3490801,1.34691,1.3482399,2021-12-30 01:00:00
136,3403,Bull,1.3243,1.3172,1.323875,3421,Bear,1.33746,1.334625,1.33568,3510,Bull,1.32567,1.3240349,1.32516,3543,Bear,1.3438151,1.340575,1.3410101,3572,Bull,1.341635,1.33857,1.34139,3639,Bear,1.3499551,1.347475,1.34853,2021-12-16 03:00:00,2021-12-16 21:00:00,2021-12-22 14:00:00,2021-12-23 23:00:00,2021-12-25 04:00:00,2021-12-29 23:00:00,3641,1.3490801,1.34691,1.3482399,2021-12-30 01:00:00
137,3403,Bull,1.3243,1.3172,1.323875,3421,Bear,1.33746,1.334625,1.33568,3510,Bull,1.32567,1.3240349,1.32516,3613,Bear,1.346165,1.3447249,1.345685,3634,Bull,1.342655,1.3408599,1.34252,3639,Bear,1.3499551,1.347475,1.34853,2021-12-16 03:00:00,2021-12-16 21:00:00,2021-12-22 14:00:00,2021-12-28 21:00:00,2021-12-29 18:00:00,2021-12-29 23:00:00,3641,1.3490801,1.34691,1.3482399,2021-12-30 01:00:00
138,3465,Bull,1.32067,1.3173549,1.3185151,3505,Bear,1.32752,1.3259399,1.32721,3510,Bull,1.32567,1.3240349,1.32516,3543,Bear,1.3438151,1.340575,1.3410101,3572,Bull,1.341635,1.33857,1.34139,3639,Bear,1.3499551,1.347475,1.34853,2021-12-20 17:00:00,2021-12-22 09:00:00,2021-12-22 14:00:00,2021-12-23 23:00:00,2021-12-25 04:00:00,2021-12-29 23:00:00,3641,1.3490801,1.34691,1.3482399,2021-12-30 01:00:00
139,3465,Bull,1.32067,1.3173549,1.3185151,3505,Bear,1.32752,1.3259399,1.32721,3510,Bull,1.32567,1.3240349,1.32516,3613,Bear,1.346165,1.3447249,1.345685,3634,Bull,1.342655,1.3408599,1.34252,3639,Bear,1.3499551,1.347475,1.34853,2021-12-20 17:00:00,2021-12-22 09:00:00,2021-12-22 14:00:00,2021-12-28 21:00:00,2021-12-29 18:00:00,2021-12-29 23:00:00,3641,1.3490801,1.34691,1.3482399,2021-12-30 01:00:00
140,3403,Bull,1.3243,1.3172,1.323875,3421,Bear,1.33746,1.334625,1.33568,3465,Bull,1.32067,1.3173549,1.3185151,3543,Bear,1.3438151,1.340575,1.3410101,3572,Bull,1.341635,1.33857,1.34139,3649,Bear,1.3505249,1.349455,1.35045,2021-12-16 03:00:00,2021-12-16 21:00:00,2021-12-20 17:00:00,2021-12-23 23:00:00,2021-12-25 04:00:00,2021-12-30 09:00:00,3652,1.34902,1.348565,1.34858,2021-12-30 12:00:00
141,3403,Bull,1.3243,1.3172,1.323875,3421,Bear,1.33746,1.334625,1.33568,3465,Bull,1.32067,1.3173549,1.3185151,3613,Bear,1.346165,1.3447249,1.345685,3634,Bull,1.342655,1.3408599,1.34252,3649,Bear,1.3505249,1.349455,1.35045,2021-12-16 03:00:00,2021-12-16 21:00:00,2021-12-20 17:00:00,2021-12-28 21:00:00,2021-12-29 18:00:00,2021-12-30 09:00:00,3652,1.34902,1.348565,1.34858,2021-12-30 12:00:00
142,3403,Bull,1.3243,1.3172,1.323875,3421,Bear,1.33746,1.334625,1.33568,3510,Bull,1.32567,1.3240349,1.32516,3543,Bear,1.3438151,1.340575,1.3410101,3572,Bull,1.341635,1.33857,1.34139,3649,Bear,1.3505249,1.349455,1.35045,2021-12-16 03:00:00,2021-12-16 21:00:00,2021-12-22 14:00:00,2021-12-23 23:00:00,2021-12-25 04:00:00,2021-12-30 09:00:00,3652,1.34902,1.348565,1.34858,2021-12-30 12:00:00
143,3403,Bull,1.3243,1.3172,1.323875,3421,Bear,1.33746,1.334625,1.33568,3510,Bull,1.32567,1.3240349,1.32516,3613,Bear,1.346165,1.3447249,1.345685,3634,Bull,1.342655,1.3408599,1.34252,3649,Bear,1.3505249,1.349455,1.35045,2021-12-16 03:00:00,2021-12-16 21:00:00,2021-12-22 14:00:00,2021-12-28 21:00:00,2021-12-29 18:00:00,2021-12-30 09:00:00,3652,1.34902,1.348565,1.34858,2021-12-30 12:00:00
144,3465,Bull,1.32067,1.3173549,1.3185151,3505,Bear,1.32752,1.3259399,1.32721,3510,Bull,1.32567,1.3240349,1.32516,3543,Bear,1.3438151,1.340575,1.3410101,3572,Bull,1.341635,1.33857,1.34139,3649,Bear,1.3505249,1.349455,1.35045,2021-12-20 17:00:00,2021-12-22 09:00:00,2021-12-22 14:00:00,2021-12-23 23:00:00,2021-12-25 04:00:00,2021-12-30 09:00:00,3652,1.34902,1.348565,1.34858,2021-12-30 12:00:00
145,3465,Bull,1.32067,1.3173549,1.3185151,3505,Bear,1.32752,1.3259399,1.32721,3510,Bull,1.32567,1.3240349,1.32516,3613,Bear,1.346165,1.3447249,1.345685,3634,Bull,1.342655,1.3408599,1.34252,3649,Bear,1.3505249,1.349455,1.35045,2021-12-20 17:00:00,2021-12-22 09:00:00,2021-12-22 14:00:00,2021-12-28 21:00:00,2021-12-29 18:00:00,2021-12-30 09:00:00,3652,1.34902,1.348565,1.34858,2021-12-30 12:00:00
146,3465,Bull,1.32067,1.3173549,1.3185151,3505,Bear,1.32752,1.3259399,1.32721,3510,Bull,1.32567,1.3240349,1.32516,3543,Bear,1.3438151,1.340575,1.3410101,3572,Bull,1.341635,1.33857,1.34139,3663,Bear,1.35219,1.3492601,1.349885,2021-12-20 17:00:00,2021-12-22 09:00:00,2021-12-22 14:00:00,2021-12-23 23:00:00,2021-12-25 04:00:00,2021-12-30 23:00:00,3665,1.350035,1.34828,1.3486199,2021-12-31 01:00:00
147,3465,Bull,1.32067,1.3173549,1.3185151,3505,Bear,1.32752,1.3259399,1.32721,3510,Bull,1.32567,1.3240349,1.32516,3613,Bear,1.346165,1.3447249,1.345685,3634,Bull,1.342655,1.3408599,1.34252,3663,Bear,1.35219,1.3492601,1.349885,2021-12-20 17:00:00,2021-12-22 09:00:00,2021-12-22 14:00:00,2021-12-28 21:00:00,2021-12-29 18:00:00,2021-12-30 23:00:00,3665,1.350035,1.34828,1.3486199,2021-12-31 01:00:00
148,3465,Bull,1.32067,1.3173549,1.3185151,3505,Bear,1.32752,1.3259399,1.32721,3510,Bull,1.32567,1.3240349,1.32516,3649,Bear,1.3505249,1.349455,1.35045,3657,Bull,1.34636,1.3454299,1.345945,3663,Bear,1.35219,1.3492601,1.349885,2021-12-20 17:00:00,2021-12-22 09:00:00,2021-12-22 14:00:00,2021-12-30 09:00:00,2021-12-30 17:00:00,2021-12-30 23:00:00,3665,1.350035,1.34828,1.3486199,2021-12-31 01:00:00
149,3465,Bull,1.32067,1.3173549,1.3185151,3543,Bear,1.3438151,1.340575,1.3410101,3572,Bull,1.341635,1.33857,1.34139,3649,Bear,1.3505249,1.349455,1.35045,3657,Bull,1.34636,1.3454299,1.345945,3663,Bear,1.35219,1.3492601,1.349885,2021-12-20 17:00:00,2021-12-23 23:00:00,2021-12-25 04:00:00,2021-12-30 09:00:00,2021-12-30 17:00:00,2021-12-30 23:00:00,3665,1.350035,1.34828,1.3486199,2021-12-31 01:00:00
150,3510,Bull,1.32567,1.3240349,1.32516,3543,Bear,1.3438151,1.340575,1.3410101,3572,Bull,1.341635,1.33857,1.34139,3649,Bear,1.3505249,1.349455,1.35045,3657,Bull,1.34636,1.3454299,1.345945,3663,Bear,1.35219,1.3492601,1.349885,2021-12-22 14:00:00,2021-12-23 23:00:00,2021-12-25 04:00:00,2021-12-30 09:00:00,2021-12-30 17:00:00,2021-12-30 23:00:00,3665,1.350035,1.34828,1.3486199,2021-12-31 01:00:00
151,3558,Bull,1.3409901,1.339045,1.3404,3565,Bear,1.34203,1.3403,1.34041,3572,Bull,1.341635,1.33857,1.34139,3649,Bear,1.3505249,1.349455,1.35045,3657,Bull,1.34636,1.3454299,1.345945,3663,Bear,1.35219,1.3492601,1.349885,2021-12-24 14:00:00,2021-12-24 21:00:00,2021-12-25 04:00:00,2021-12-30 09:00:00,2021-12-30 17:00:00,2021-12-30 23:00:00,3665,1.350035,1.34828,1.3486199,2021-12-31 01:00:00
152,3558,Bull,1.3409901,1.339045,1.3404,3565,Bear,1.34203,1.3403,1.34041,3572,Bull,1.341635,1.33857,1.34139,3762,Bear,1.3598549,1.3584249,1.358585,3776,Bull,1.35146,1.34904,1.3501,3825,Bear,1.3603699,1.35817,1.358235,2021-12-24 14:00:00,2021-12-24 21:00:00,2021-12-25 04:00:00,2022-01-06 02:00:00,2022-01-06 16:00:00,2022-01-10 17:00:00,3827,1.3591399,1.3577499,1.3582499,2022-01-10 19:00:00
153,3572,Bull,1.341635,1.33857,1.34139,3613,Bear,1.346165,1.3447249,1.345685,3634,Bull,1.342655,1.3408599,1.34252,3762,Bear,1.3598549,1.3584249,1.358585,3776,Bull,1.35146,1.34904,1.3501,3825,Bear,1.3603699,1.35817,1.358235,2021-12-25 04:00:00,2021-12-28 21:00:00,2021-12-29 18:00:00,2022-01-06 02:00:00,2022-01-06 16:00:00,2022-01-10 17:00:00,3827,1.3591399,1.3577499,1.3582499,2022-01-10 19:00:00
154,3572,Bull,1.341635,1.33857,1.34139,3613,Bear,1.346165,1.3447249,1.345685,3634,Bull,1.342655,1.3408599,1.34252,3762,Bear,1.3598549,1.3584249,1.358585,3776,Bull,1.35146,1.34904,1.3501,3848,Bear,1.36198,1.359535,1.3610749,2021-12-25 04:00:00,2021-12-28 21:00:00,2021-12-29 18:00:00,2022-01-06 02:00:00,2022-01-06 16:00:00,2022-01-11 16:00:00,3852,1.35938,1.357435,1.3575599,2022-01-11 20:00:00
155,3572,Bull,1.341635,1.33857,1.34139,3613,Bear,1.346165,1.3447249,1.345685,3634,Bull,1.342655,1.3408599,1.34252,3825,Bear,1.3603699,1.35817,1.358235,3831,Bull,1.35675,1.353215,1.356065,3848,Bear,1.36198,1.359535,1.3610749,2021-12-25 04:00:00,2021-12-28 21:00:00,2021-12-29 18:00:00,2022-01-10 17:00:00,2022-01-10 23:00:00,2022-01-11 16:00:00,3852,1.35938,1.357435,1.3575599,2022-01-11 20:00:00
156,3634,Bull,1.342655,1.3408599,1.34252,3762,Bear,1.3598549,1.3584249,1.358585,3776,Bull,1.35146,1.34904,1.3501,3867,Bear,1.3645899,1.3642099,1.36444,3874,Bull,1.3633549,1.3620901,1.362735,3884,Bear,1.371465,1.3705449,1.3710849,2021-12-29 18:00:00,2022-01-06 02:00:00,2022-01-06 16:00:00,2022-01-12 11:00:00,2022-01-12 18:00:00,2022-01-13 04:00:00,3886,1.370745,1.370105,1.370535,2022-01-13 06:00:00
157,3634,Bull,1.342655,1.3408599,1.34252,3825,Bear,1.3603699,1.35817,1.358235,3831,Bull,1.35675,1.353215,1.356065,3867,Bear,1.3645899,1.3642099,1.36444,3874,Bull,1.3633549,1.3620901,1.362735,3884,Bear,1.371465,1.3705449,1.3710849,2021-12-29 18:00:00,2022-01-10 17:00:00,2022-01-10 23:00:00,2022-01-12 11:00:00,2022-01-12 18:00:00,2022-01-13 04:00:00,3886,1.370745,1.370105,1.370535,2022-01-13 06:00:00
158,3711,Bull,1.34652,1.3431001,1.344715,3762,Bear,1.3598549,1.3584249,1.358585,3776,Bull,1.35146,1.34904,1.3501,3867,Bear,1.3645899,1.3642099,1.36444,3874,Bull,1.3633549,1.3620901,1.362735,3884,Bear,1.371465,1.3705449,1.3710849,2022-01-03 23:00:00,2022-01-06 02:00:00,2022-01-06 16:00:00,2022-01-12 11:00:00,2022-01-12 18:00:00,2022-01-13 04:00:00,3886,1.370745,1.370105,1.370535,2022-01-13 06:00:00
159,3711,Bull,1.34652,1.3431001,1.344715,3825,Bear,1.3603699,1.35817,1.358235,3831,Bull,1.35675,1.353215,1.356065,3867,Bear,1.3645899,1.3642099,1.36444,3874,Bull,1.3633549,1.3620901,1.362735,3884,Bear,1.371465,1.3705449,1.3710849,2022-01-03 23:00:00,2022-01-10 17:00:00,2022-01-10 23:00:00,2022-01-12 11:00:00,2022-01-12 18:00:00,2022-01-13 04:00:00,3886,1.370745,1.370105,1.370535,2022-01-13 06:00:00
160,3776,Bull,1.35146,1.34904,1.3501,3825,Bear,1.3603699,1.35817,1.358235,3831,Bull,1.35675,1.353215,1.356065,3867,Bear,1.3645899,1.3642099,1.36444,3874,Bull,1.3633549,1.3620901,1.362735,3884,Bear,1.371465,1.3705449,1.3710849,2022-01-06 16:00:00,2022-01-10 17:00:00,2022-01-10 23:00:00,2022-01-12 11:00:00,2022-01-12 18:00:00,2022-01-13 04:00:00,3886,1.370745,1.370105,1.370535,2022-01-13 06:00:00
161,3634,Bull,1.342655,1.3408599,1.34252,3762,Bear,1.3598549,1.3584249,1.358585,3776,Bull,1.35146,1.34904,1.3501,3867,Bear,1.3645899,1.3642099,1.36444,3874,Bull,1.3633549,1.3620901,1.362735,3898,Bear,1.37489,1.373385,1.3743501,2021-12-29 18:00:00,2022-01-06 02:00:00,2022-01-06 16:00:00,2022-01-12 11:00:00,2022-01-12 18:00:00,2022-01-13 18:00:00,3900,1.37351,1.37135,1.371465,2022-01-13 20:00:00
162,3711,Bull,1.34652,1.3431001,1.344715,3762,Bear,1.3598549,1.3584249,1.358585,3776,Bull,1.35146,1.34904,1.3501,3867,Bear,1.3645899,1.3642099,1.36444,3874,Bull,1.3633549,1.3620901,1.362735,3898,Bear,1.37489,1.373385,1.3743501,2022-01-03 23:00:00,2022-01-06 02:00:00,2022-01-06 16:00:00,2022-01-12 11:00:00,2022-01-12 18:00:00,2022-01-13 18:00:00,3900,1.37351,1.37135,1.371465,2022-01-13 20:00:00
163,3776,Bull,1.35146,1.34904,1.3501,3825,Bear,1.3603699,1.35817,1.358235,3831,Bull,1.35675,1.353215,1.356065,3867,Bear,1.3645899,1.3642099,1.36444,3874,Bull,1.3633549,1.3620901,1.362735,3898,Bear,1.37489,1.373385,1.3743501,2022-01-06 16:00:00,2022-01-10 17:00:00,2022-01-10 23:00:00,2022-01-12 11:00:00,2022-01-12 18:00:00,2022-01-13 18:00:00,3900,1.37351,1.37135,1.371465,2022-01-13 20:00:00
164,3898,Bear,1.37489,1.373385,1.3743501,3908,Bull,1.37203,1.370095,1.3703549,3920,Bear,1.374285,1.372365,1.3733499,3977,Bull,1.3587799,1.35729,1.3577249,4023,Bear,1.36619,1.363275,1.3655901,4043,Bull,1.35678,1.355245,1.3557351,2022-01-13 18:00:00,2022-01-14 04:00:00,2022-01-14 16:00:00,2022-01-19 01:00:00,2022-01-20 23:00:00,2022-01-21 19:00:00,4045,1.3576701,1.3563299,1.357275,2022-01-21 21:00:00
165,3898,Bear,1.37489,1.373385,1.3743501,3908,Bull,1.37203,1.370095,1.3703549,3920,Bear,1.374285,1.372365,1.3733499,4073,Bull,1.3459251,1.3440299,1.3455501,4089,Bear,1.3496649,1.34796,1.3482549,4092,Bull,1.345685,1.3436301,1.345525,2022-01-13 18:00:00,2022-01-14 04:00:00,2022-01-14 16:00:00,2022-01-25 01:00:00,2022-01-25 17:00:00,2022-01-25 20:00:00,4094,1.3480749,1.346475,1.34691,2022-01-25 22:00:00
166,3898,Bear,1.37489,1.373385,1.3743501,3930,Bull,1.367295,1.36534,1.3670499,3944,Bear,1.368995,1.367625,1.3677349,4073,Bull,1.3459251,1.3440299,1.3455501,4089,Bear,1.3496649,1.34796,1.3482549,4092,Bull,1.345685,1.3436301,1.345525,2022-01-13 18:00:00,2022-01-15 02:00:00,2022-01-17 16:00:00,2022-01-25 01:00:00,2022-01-25 17:00:00,2022-01-25 20:00:00,4094,1.3480749,1.346475,1.34691,2022-01-25 22:00:00
167,3898,Bear,1.37489,1.373385,1.3743501,3977,Bull,1.3587799,1.35729,1.3577249,4023,Bear,1.36619,1.363275,1.3655901,4073,Bull,1.3459251,1.3440299,1.3455501,4089,Bear,1.3496649,1.34796,1.3482549,4092,Bull,1.345685,1.3436301,1.345525,2022-01-13 18:00:00,2022-01-19 01:00:00,2022-01-20 23:00:00,2022-01-25 01:00:00,2022-01-25 17:00:00,2022-01-25 20:00:00,4094,1.3480749,1.346475,1.34691,2022-01-25 22:00:00
168,3920,Bear,1.374285,1.372365,1.3733499,3930,Bull,1.367295,1.36534,1.3670499,3944,Bear,1.368995,1.367625,1.3677349,4073,Bull,1.3459251,1.3440299,1.3455501,4089,Bear,1.3496649,1.34796,1.3482549,4092,Bull,1.345685,1.3436301,1.345525,2022-01-14 16:00:00,2022-01-15 02:00:00,2022-01-17 16:00:00,2022-01-25 01:00:00,2022-01-25 17:00:00,2022-01-25 20:00:00,4094,1.3480749,1.346475,1.34691,2022-01-25 22:00:00
169,3920,Bear,1.374285,1.372365,1.3733499,3977,Bull,1.3587799,1.35729,1.3577249,4023,Bear,1.36619,1.363275,1.3655901,4073,Bull,1.3459251,1.3440299,1.3455501,4089,Bear,1.3496649,1.34796,1.3482549,4092,Bull,1.345685,1.3436301,1.345525,2022-01-14 16:00:00,2022-01-19 01:00:00,2022-01-20 23:00:00,2022-01-25 01:00:00,2022-01-25 17:00:00,2022-01-25 20:00:00,4094,1.3480749,1.346475,1.34691,2022-01-25 22:00:00
170,3944,Bear,1.368995,1.367625,1.3677349,3977,Bull,1.3587799,1.35729,1.3577249,4023,Bear,1.36619,1.363275,1.3655901,4073,Bull,1.3459251,1.3440299,1.3455501,4089,Bear,1.3496649,1.34796,1.3482549,4092,Bull,1.345685,1.3436301,1.345525,2022-01-17 16:00:00,2022-01-19 01:00:00,2022-01-20 23:00:00,2022-01-25 01:00:00,2022-01-25 17:00:00,2022-01-25 20:00:00,4094,1.3480749,1.346475,1.34691,2022-01-25 22:00:00
171,4073,Bull,1.3459251,1.3440299,1.3455501,4089,Bear,1.3496649,1.34796,1.3482549,4092,Bull,1.345685,1.3436301,1.345525,4115,Bear,1.352365,1.35092,1.3512449,4119,Bull,1.3512449,1.34917,1.35099,4123,Bear,1.352495,1.3459201,1.3466649,2022-01-25 01:00:00,2022-01-25 17:00:00,2022-01-25 20:00:00,2022-01-26 19:00:00,2022-01-26 23:00:00,2022-01-27 03:00:00,4129,1.345305,1.344275,1.3450799,2022-01-27 09:00:00
172,3920,Bear,1.374285,1.372365,1.3733499,3930,Bull,1.367295,1.36534,1.3670499,3944,Bear,1.368995,1.367625,1.3677349,4092,Bull,1.345685,1.3436301,1.345525,4123,Bear,1.352495,1.3459201,1.3466649,4141,Bull,1.3394799,1.33581,1.338,2022-01-14 16:00:00,2022-01-15 02:00:00,2022-01-17 16:00:00,2022-01-25 20:00:00,2022-01-27 03:00:00,2022-01-27 21:00:00,4156,1.3409,1.339875,1.34074,2022-01-28 12:00:00
173,3920,Bear,1.374285,1.372365,1.3733499,3977,Bull,1.3587799,1.35729,1.3577249,4023,Bear,1.36619,1.363275,1.3655901,4092,Bull,1.345685,1.3436301,1.345525,4123,Bear,1.352495,1.3459201,1.3466649,4141,Bull,1.3394799,1.33581,1.338,2022-01-14 16:00:00,2022-01-19 01:00:00,2022-01-20 23:00:00,2022-01-25 20:00:00,2022-01-27 03:00:00,2022-01-27 21:00:00,4156,1.3409,1.339875,1.34074,2022-01-28 12:00:00
174,3944,Bear,1.368995,1.367625,1.3677349,3977,Bull,1.3587799,1.35729,1.3577249,4023,Bear,1.36619,1.363275,1.3655901,4092,Bull,1.345685,1.3436301,1.345525,4123,Bear,1.352495,1.3459201,1.3466649,4141,Bull,1.3394799,1.33581,1.338,2022-01-17 16:00:00,2022-01-19 01:00:00,2022-01-20 23:00:00,2022-01-25 20:00:00,2022-01-27 03:00:00,2022-01-27 21:00:00,4156,1.3409,1.339875,1.34074,2022-01-28 12:00:00
175,4455,Bull,1.3531051,1.348655,1.3521249,4484,Bear,1.360115,1.3590851,1.359335,4492,Bull,1.35875,1.355545,1.35716,4502,Bear,1.3638101,1.360865,1.3615999,4514,Bull,1.3610699,1.3600049,1.360525,4520,Bear,1.364295,1.3618951,1.3635249,2022-02-15 23:00:00,2022-02-17 04:00:00,2022-02-17 12:00:00,2022-02-17 22:00:00,2022-02-18 10:00:00,2022-02-18 16:00:00,4522,1.36288,1.361105,1.3611851,2022-02-18 18:00:00
176,4502,Bear,1.3638101,1.360865,1.3615999,4514,Bull,1.3610699,1.3600049,1.360525,4520,Bear,1.364295,1.3618951,1.3635249,4624,Bull,1.33605,1.32729,1.335655,4636,Bear,1.3438799,1.3420451,1.34302,4711,Bull,1.3297501,1.3271551,1.3290999,2022-02-17 22:00:00,2022-02-18 10:00:00,2022-02-18 16:00:00,2022-02-25 00:00:00,2022-02-25 12:00:00,2022-03-02 15:00:00,4713,1.331615,1.32791,1.3308151,2022-03-02 17:00:00
177,4502,Bear,1.3638101,1.360865,1.3615999,4514,Bull,1.3610699,1.3600049,1.360525,4520,Bear,1.364295,1.3618951,1.3635249,4624,Bull,1.33605,1.32729,1.335655,4687,Bear,1.343755,1.3419149,1.342365,4711,Bull,1.3297501,1.3271551,1.3290999,2022-02-17 22:00:00,2022-02-18 10:00:00,2022-02-18 16:00:00,2022-02-25 00:00:00,2022-03-01 15:00:00,2022-03-02 15:00:00,4713,1.331615,1.32791,1.3308151,2022-03-02 17:00:00
178,4520,Bear,1.364295,1.3618951,1.3635249,4528,Bull,1.35939,1.3573201,1.35846,4544,Bear,1.3638649,1.362355,1.3634701,4624,Bull,1.33605,1.32729,1.335655,4636,Bear,1.3438799,1.3420451,1.34302,4711,Bull,1.3297501,1.3271551,1.3290999,2022-02-18 16:00:00,2022-02-19 00:00:00,2022-02-21 16:00:00,2022-02-25 00:00:00,2022-02-25 12:00:00,2022-03-02 15:00:00,4713,1.331615,1.32791,1.3308151,2022-03-02 17:00:00
179,4520,Bear,1.364295,1.3618951,1.3635249,4528,Bull,1.35939,1.3573201,1.35846,4544,Bear,1.3638649,1.362355,1.3634701,4624,Bull,1.33605,1.32729,1.335655,4687,Bear,1.343755,1.3419149,1.342365,4711,Bull,1.3297501,1.3271551,1.3290999,2022-02-18 16:00:00,2022-02-19 00:00:00,2022-02-21 16:00:00,2022-02-25 00:00:00,2022-03-01 15:00:00,2022-03-02 15:00:00,4713,1.331615,1.32791,1.3308151,2022-03-02 17:00:00
180,4520,Bear,1.364295,1.3618951,1.3635249,4575,Bull,1.3603151,1.3538499,1.3590851,4592,Bear,1.3620651,1.3603699,1.3604851,4624,Bull,1.33605,1.32729,1.335655,4636,Bear,1.3438799,1.3420451,1.34302,4711,Bull,1.3297501,1.3271551,1.3290999,2022-02-18 16:00:00,2022-02-22 23:00:00,2022-02-23 16:00:00,2022-02-25 00:00:00,2022-02-25 12:00:00,2022-03-02 15:00:00,4713,1.331615,1.32791,1.3308151,2022-03-02 17:00:00
181,4520,Bear,1.364295,1.3618951,1.3635249,4575,Bull,1.3603151,1.3538499,1.3590851,4592,Bear,1.3620651,1.3603699,1.3604851,4624,Bull,1.33605,1.32729,1.335655,4687,Bear,1.343755,1.3419149,1.342365,4711,Bull,1.3297501,1.3271551,1.3290999,2022-02-18 16:00:00,2022-02-22 23:00:00,2022-02-23 16:00:00,2022-02-25 00:00:00,2022-03-01 15:00:00,2022-03-02 15:00:00,4713,1.331615,1.32791,1.3308151,2022-03-02 17:00:00
182,4544,Bear,1.3638649,1.362355,1.3634701,4575,Bull,1.3603151,1.3538499,1.3590851,4592,Bear,1.3620651,1.3603699,1.3604851,4624,Bull,1.33605,1.32729,1.335655,4636,Bear,1.3438799,1.3420451,1.34302,4711,Bull,1.3297501,1.3271551,1.3290999,2022-02-21 16:00:00,2022-02-22 23:00:00,2022-02-23 16:00:00,2022-02-25 00:00:00,2022-02-25 12:00:00,2022-03-02 15:00:00,4713,1.331615,1.32791,1.3308151,2022-03-02 17:00:00
183,4544,Bear,1.3638649,1.362355,1.3634701,4575,Bull,1.3603151,1.3538499,1.3590851,4592,Bear,1.3620651,1.3603699,1.3604851,4624,Bull,1.33605,1.32729,1.335655,4687,Bear,1.343755,1.3419149,1.342365,4711,Bull,1.3297501,1.3271551,1.3290999,2022-02-21 16:00:00,2022-02-22 23:00:00,2022-02-23 16:00:00,2022-02-25 00:00:00,2022-03-01 15:00:00,2022-03-02 15:00:00,4713,1.331615,1.32791,1.3308151,2022-03-02 17:00:00
184,4502,Bear,1.3638101,1.360865,1.3615999,4514,Bull,1.3610699,1.3600049,1.360525,4520,Bear,1.364295,1.3618951,1.3635249,4624,Bull,1.33605,1.32729,1.335655,4636,Bear,1.3438799,1.3420451,1.34302,4767,Bull,1.3227899,1.320235,1.3218651,2022-02-17 22:00:00,2022-02-18 10:00:00,2022-02-18 16:00:00,2022-02-25 00:00:00,2022-02-25 12:00:00,2022-03-04 23:00:00,4770,1.3241401,1.322675,1.3238449,2022-03-05 02:00:00
185,4502,Bear,1.3638101,1.360865,1.3615999,4514,Bull,1.3610699,1.3600049,1.360525,4520,Bear,1.364295,1.3618951,1.3635249,4624,Bull,1.33605,1.32729,1.335655,4687,Bear,1.343755,1.3419149,1.342365,4767,Bull,1.3227899,1.320235,1.3218651,2022-02-17 22:00:00,2022-02-18 10:00:00,2022-02-18 16:00:00,2022-02-25 00:00:00,2022-03-01 15:00:00,2022-03-04 23:00:00,4770,1.3241401,1.322675,1.3238449,2022-03-05 02:00:00
186,4502,Bear,1.3638101,1.360865,1.3615999,4514,Bull,1.3610699,1.3600049,1.360525,4520,Bear,1.364295,1.3618951,1.3635249,4711,Bull,1.3297501,1.3271551,1.3290999,4735,Bear,1.341805,1.3391,1.3392,4767,Bull,1.3227899,1.320235,1.3218651,2022-02-17 22:00:00,2022-02-18 10:00:00,2022-02-18 16:00:00,2022-03-02 15:00:00,2022-03-03 15:00:00,2022-03-04 23:00:00,4770,1.3241401,1.322675,1.3238449,2022-03-05 02:00:00
187,4520,Bear,1.364295,1.3618951,1.3635249,4528,Bull,1.35939,1.3573201,1.35846,4544,Bear,1.3638649,1.362355,1.3634701,4624,Bull,1.33605,1.32729,1.335655,4636,Bear,1.3438799,1.3420451,1.34302,4767,Bull,1.3227899,1.320235,1.3218651,2022-02-18 16:00:00,2022-02-19 00:00:00,2022-02-21 16:00:00,2022-02-25 00:00:00,2022-02-25 12:00:00,2022-03-04 23:00:00,4770,1.3241401,1.322675,1.3238449,2022-03-05 02:00:00
188,4520,Bear,1.364295,1.3618951,1.3635249,4528,Bull,1.35939,1.3573201,1.35846,4544,Bear,1.3638649,1.362355,1.3634701,4624,Bull,1.33605,1.32729,1.335655,4687,Bear,1.343755,1.3419149,1.342365,4767,Bull,1.3227899,1.320235,1.3218651,2022-02-18 16:00:00,2022-02-19 00:00:00,2022-02-21 16:00:00,2022-02-25 00:00:00,2022-03-01 15:00:00,2022-03-04 23:00:00,4770,1.3241401,1.322675,1.3238449,2022-03-05 02:00:00
189,4520,Bear,1.364295,1.3618951,1.3635249,4528,Bull,1.35939,1.3573201,1.35846,4544,Bear,1.3638649,1.362355,1.3634701,4711,Bull,1.3297501,1.3271551,1.3290999,4735,Bear,1.341805,1.3391,1.3392,4767,Bull,1.3227899,1.320235,1.3218651,2022-02-18 16:00:00,2022-02-19 00:00:00,2022-02-21 16:00:00,2022-03-02 15:00:00,2022-03-03 15:00:00,2022-03-04 23:00:00,4770,1.3241401,1.322675,1.3238449,2022-03-05 02:00:00
190,4520,Bear,1.364295,1.3618951,1.3635249,4575,Bull,1.3603151,1.3538499,1.3590851,4592,Bear,1.3620651,1.3603699,1.3604851,4624,Bull,1.33605,1.32729,1.335655,4636,Bear,1.3438799,1.3420451,1.34302,4767,Bull,1.3227899,1.320235,1.3218651,2022-02-18 16:00:00,2022-02-22 23:00:00,2022-02-23 16:00:00,2022-02-25 00:00:00,2022-02-25 12:00:00,2022-03-04 23:00:00,4770,1.3241401,1.322675,1.3238449,2022-03-05 02:00:00
191,4520,Bear,1.364295,1.3618951,1.3635249,4575,Bull,1.3603151,1.3538499,1.3590851,4592,Bear,1.3620651,1.3603699,1.3604851,4624,Bull,1.33605,1.32729,1.335655,4687,Bear,1.343755,1.3419149,1.342365,4767,Bull,1.3227899,1.320235,1.3218651,2022-02-18 16:00:00,2022-02-22 23:00:00,2022-02-23 16:00:00,2022-02-25 00:00:00,2022-03-01 15:00:00,2022-03-04 23:00:00,4770,1.3241401,1.322675,1.3238449,2022-03-05 02:00:00
192,4520,Bear,1.364295,1.3618951,1.3635249,4575,Bull,1.3603151,1.3538499,1.3590851,4592,Bear,1.3620651,1.3603699,1.3604851,4711,Bull,1.3297501,1.3271551,1.3290999,4735,Bear,1.341805,1.3391,1.3392,4767,Bull,1.3227899,1.320235,1.3218651,2022-02-18 16:00:00,2022-02-22 23:00:00,2022-02-23 16:00:00,2022-03-02 15:00:00,2022-03-03 15:00:00,2022-03-04 23:00:00,4770,1.3241401,1.322675,1.3238449,2022-03-05 02:00:00
193,4544,Bear,1.3638649,1.362355,1.3634701,4575,Bull,1.3603151,1.3538499,1.3590851,4592,Bear,1.3620651,1.3603699,1.3604851,4624,Bull,1.33605,1.32729,1.335655,4636,Bear,1.3438799,1.3420451,1.34302,4767,Bull,1.3227899,1.320235,1.3218651,2022-02-21 16:00:00,2022-02-22 23:00:00,2022-02-23 16:00:00,2022-02-25 00:00:00,2022-02-25 12:00:00,2022-03-04 23:00:00,4770,1.3241401,1.322675,1.3238449,2022-03-05 02:00:00
194,4544,Bear,1.3638649,1.362355,1.3634701,4575,Bull,1.3603151,1.3538499,1.3590851,4592,Bear,1.3620651,1.3603699,1.3604851,4624,Bull,1.33605,1.32729,1.335655,4687,Bear,1.343755,1.3419149,1.342365,4767,Bull,1.3227899,1.320235,1.3218651,2022-02-21 16:00:00,2022-02-22 23:00:00,2022-02-23 16:00:00,2022-02-25 00:00:00,2022-03-01 15:00:00,2022-03-04 23:00:00,4770,1.3241401,1.322675,1.3238449,2022-03-05 02:00:00
195,4544,Bear,1.3638649,1.362355,1.3634701,4575,Bull,1.3603151,1.3538499,1.3590851,4592,Bear,1.3620651,1.3603699,1.3604851,4711,Bull,1.3297501,1.3271551,1.3290999,4735,Bear,1.341805,1.3391,1.3392,4767,Bull,1.3227899,1.320235,1.3218651,2022-02-21 16:00:00,2022-02-22 23:00:00,2022-02-23 16:00:00,2022-03-02 15:00:00,2022-03-03 15:00:00,2022-03-04 23:00:00,4770,1.3241401,1.322675,1.3238449,2022-03-05 02:00:00
196,4520,Bear,1.364295,1.3618951,1.3635249,4528,Bull,1.35939,1.3573201,1.35846,4544,Bear,1.3638649,1.362355,1.3634701,4624,Bull,1.33605,1.32729,1.335655,4636,Bear,1.3438799,1.3420451,1.34302,4777,Bull,1.320655,1.3185251,1.32014,2022-02-18 16:00:00,2022-02-19 00:00:00,2022-02-21 16:00:00,2022-02-25 00:00:00,2022-02-25 12:00:00,2022-03-07 09:00:00,4779,1.32218,1.319345,1.3208649,2022-03-07 11:00:00
197,4520,Bear,1.364295,1.3618951,1.3635249,4528,Bull,1.35939,1.3573201,1.35846,4544,Bear,1.3638649,1.362355,1.3634701,4624,Bull,1.33605,1.32729,1.335655,4687,Bear,1.343755,1.3419149,1.342365,4777,Bull,1.320655,1.3185251,1.32014,2022-02-18 16:00:00,2022-02-19 00:00:00,2022-02-21 16:00:00,2022-02-25 00:00:00,2022-03-01 15:00:00,2022-03-07 09:00:00,4779,1.32218,1.319345,1.3208649,2022-03-07 11:00:00
198,4520,Bear,1.364295,1.3618951,1.3635249,4528,Bull,1.35939,1.3573201,1.35846,4544,Bear,1.3638649,1.362355,1.3634701,4711,Bull,1.3297501,1.3271551,1.3290999,4735,Bear,1.341805,1.3391,1.3392,4777,Bull,1.320655,1.3185251,1.32014,2022-02-18 16:00:00,2022-02-19 00:00:00,2022-02-21 16:00:00,2022-03-02 15:00:00,2022-03-03 15:00:00,2022-03-07 09:00:00,4779,1.32218,1.319345,1.3208649,2022-03-07 11:00:00
199,4520,Bear,1.364295,1.3618951,1.3635249,4575,Bull,1.3603151,1.3538499,1.3590851,4592,Bear,1.3620651,1.3603699,1.3604851,4624,Bull,1.33605,1.32729,1.335655,4636,Bear,1.3438799,1.3420451,1.34302,4777,Bull,1.320655,1.3185251,1.32014,2022-02-18 16:00:00,2022-02-22 23:00:00,2022-02-23 16:00:00,2022-02-25 00:00:00,2022-02-25 12:00:00,2022-03-07 09:00:00,4779,1.32218,1.319345,1.3208649,2022-03-07 11:00:00
200,4520,Bear,1.364295,1.3618951,1.3635249,4575,Bull,1.3603151,1.3538499,1.3590851,4592,Bear,1.3620651,1.3603699,1.3604851,4624,Bull,1.33605,1.32729,1.335655,4687,Bear,1.343755,1.3419149,1.342365,4777,Bull,1.320655,1.3185251,1.32014,2022-02-18 16:00:00,2022-02-22 23:00:00,2022-02-23 16:00:00,2022-02-25 00:00:00,2022-03-01 15:00:00,2022-03-07 09:00:00,4779,1.32218,1.319345,1.3208649,2022-03-07 11:00:00
201,4520,Bear,1.364295,1.3618951,1.3635249,4575,Bull,1.3603151,1.3538499,1.3590851,4592,Bear,1.3620651,1.3603699,1.3604851,4711,Bull,1.3297501,1.3271551,1.3290999,4735,Bear,1.341805,1.3391,1.3392,4777,Bull,1.320655,1.3185251,1.32014,2022-02-18 16:00:00,2022-02-22 23:00:00,2022-02-23 16:00:00,2022-03-02 15:00:00,2022-03-03 15:00:00,2022-03-07 09:00:00,4779,1.32218,1.319345,1.3208649,2022-03-07 11:00:00
202,4544,Bear,1.3638649,1.362355,1.3634701,4575,Bull,1.3603151,1.3538499,1.3590851,4592,Bear,1.3620651,1.3603699,1.3604851,4624,Bull,1.33605,1.32729,1.335655,4636,Bear,1.3438799,1.3420451,1.34302,4777,Bull,1.320655,1.3185251,1.32014,2022-02-21 16:00:00,2022-02-22 23:00:00,2022-02-23 16:00:00,2022-02-25 00:00:00,2022-02-25 12:00:00,2022-03-07 09:00:00,4779,1.32218,1.319345,1.3208649,2022-03-07 11:00:00
203,4544,Bear,1.3638649,1.362355,1.3634701,4575,Bull,1.3603151,1.3538499,1.3590851,4592,Bear,1.3620651,1.3603699,1.3604851,4624,Bull,1.33605,1.32729,1.335655,4687,Bear,1.343755,1.3419149,1.342365,4777,Bull,1.320655,1.3185251,1.32014,2022-02-21 16:00:00,2022-02-22 23:00:00,2022-02-23 16:00:00,2022-02-25 00:00:00,2022-03-01 15:00:00,2022-03-07 09:00:00,4779,1.32218,1.319345,1.3208649,2022-03-07 11:00:00
204,4544,Bear,1.3638649,1.362355,1.3634701,4575,Bull,1.3603151,1.3538499,1.3590851,4592,Bear,1.3620651,1.3603699,1.3604851,4711,Bull,1.3297501,1.3271551,1.3290999,4735,Bear,1.341805,1.3391,1.3392,4777,Bull,1.320655,1.3185251,1.32014,2022-02-21 16:00:00,2022-02-22 23:00:00,2022-02-23 16:00:00,2022-03-02 15:00:00,2022-03-03 15:00:00,2022-03-07 09:00:00,4779,1.32218,1.319345,1.3208649,2022-03-07 11:00:00
205,4520,Bear,1.364295,1.3618951,1.3635249,4528,Bull,1.35939,1.3573201,1.35846,4544,Bear,1.3638649,1.362355,1.3634701,4624,Bull,1.33605,1.32729,1.335655,4636,Bear,1.3438799,1.3420451,1.34302,4800,Bull,1.311595,1.3101699,1.31073,2022-02-18 16:00:00,2022-02-19 00:00:00,2022-02-21 16:00:00,2022-02-25 00:00:00,2022-02-25 12:00:00,2022-03-08 08:00:00,4802,1.3130751,1.31181,1.31206,2022-03-08 10:00:00
206,4520,Bear,1.364295,1.3618951,1.3635249,4528,Bull,1.35939,1.3573201,1.35846,4544,Bear,1.3638649,1.362355,1.3634701,4624,Bull,1.33605,1.32729,1.335655,4687,Bear,1.343755,1.3419149,1.342365,4800,Bull,1.311595,1.3101699,1.31073,2022-02-18 16:00:00,2022-02-19 00:00:00,2022-02-21 16:00:00,2022-02-25 00:00:00,2022-03-01 15:00:00,2022-03-08 08:00:00,4802,1.3130751,1.31181,1.31206,2022-03-08 10:00:00
207,4520,Bear,1.364295,1.3618951,1.3635249,4528,Bull,1.35939,1.3573201,1.35846,4544,Bear,1.3638649,1.362355,1.3634701,4711,Bull,1.3297501,1.3271551,1.3290999,4735,Bear,1.341805,1.3391,1.3392,4800,Bull,1.311595,1.3101699,1.31073,2022-02-18 16:00:00,2022-02-19 00:00:00,2022-02-21 16:00:00,2022-03-02 15:00:00,2022-03-03 15:00:00,2022-03-08 08:00:00,4802,1.3130751,1.31181,1.31206,2022-03-08 10:00:00
208,4520,Bear,1.364295,1.3618951,1.3635249,4575,Bull,1.3603151,1.3538499,1.3590851,4592,Bear,1.3620651,1.3603699,1.3604851,4624,Bull,1.33605,1.32729,1.335655,4636,Bear,1.3438799,1.3420451,1.34302,4800,Bull,1.311595,1.3101699,1.31073,2022-02-18 16:00:00,2022-02-22 23:00:00,2022-02-23 16:00:00,2022-02-25 00:00:00,2022-02-25 12:00:00,2022-03-08 08:00:00,4802,1.3130751,1.31181,1.31206,2022-03-08 10:00:00
209,4520,Bear,1.364295,1.3618951,1.3635249,4575,Bull,1.3603151,1.3538499,1.3590851,4592,Bear,1.3620651,1.3603699,1.3604851,4624,Bull,1.33605,1.32729,1.335655,4687,Bear,1.343755,1.3419149,1.342365,4800,Bull,1.311595,1.3101699,1.31073,2022-02-18 16:00:00,2022-02-22 23:00:00,2022-02-23 16:00:00,2022-02-25 00:00:00,2022-03-01 15:00:00,2022-03-08 08:00:00,4802,1.3130751,1.31181,1.31206,2022-03-08 10:00:00
210,4520,Bear,1.364295,1.3618951,1.3635249,4575,Bull,1.3603151,1.3538499,1.3590851,4592,Bear,1.3620651,1.3603699,1.3604851,4711,Bull,1.3297501,1.3271551,1.3290999,4735,Bear,1.341805,1.3391,1.3392,4800,Bull,1.311595,1.3101699,1.31073,2022-02-18 16:00:00,2022-02-22 23:00:00,2022-02-23 16:00:00,2022-03-02 15:00:00,2022-03-03 15:00:00,2022-03-08 08:00:00,4802,1.3130751,1.31181,1.31206,2022-03-08 10:00:00
211,4544,Bear,1.3638649,1.362355,1.3634701,4575,Bull,1.3603151,1.3538499,1.3590851,4592,Bear,1.3620651,1.3603699,1.3604851,4624,Bull,1.33605,1.32729,1.335655,4636,Bear,1.3438799,1.3420451,1.34302,4800,Bull,1.311595,1.3101699,1.31073,2022-02-21 16:00:00,2022-02-22 23:00:00,2022-02-23 16:00:00,2022-02-25 00:00:00,2022-02-25 12:00:00,2022-03-08 08:00:00,4802,1.3130751,1.31181,1.31206,2022-03-08 10:00:00
212,4544,Bear,1.3638649,1.362355,1.3634701,4575,Bull,1.3603151,1.3538499,1.3590851,4592,Bear,1.3620651,1.3603699,1.3604851,4624,Bull,1.33605,1.32729,1.335655,4687,Bear,1.343755,1.3419149,1.342365,4800,Bull,1.311595,1.3101699,1.31073,2022-02-21 16:00:00,2022-02-22 23:00:00,2022-02-23 16:00:00,2022-02-25 00:00:00,2022-03-01 15:00:00,2022-03-08 08:00:00,4802,1.3130751,1.31181,1.31206,2022-03-08 10:00:00
213,4544,Bear,1.3638649,1.362355,1.3634701,4575,Bull,1.3603151,1.3538499,1.3590851,4592,Bear,1.3620651,1.3603699,1.3604851,4711,Bull,1.3297501,1.3271551,1.3290999,4735,Bear,1.341805,1.3391,1.3392,4800,Bull,1.311595,1.3101699,1.31073,2022-02-21 16:00:00,2022-02-22 23:00:00,2022-02-23 16:00:00,2022-03-02 15:00:00,2022-03-03 15:00:00,2022-03-08 08:00:00,4802,1.3130751,1.31181,1.31206,2022-03-08 10:00:00
214,4544,Bear,1.3638649,1.362355,1.3634701,4575,Bull,1.3603151,1.3538499,1.3590851,4592,Bear,1.3620651,1.3603699,1.3604851,4624,Bull,1.33605,1.32729,1.335655,4636,Bear,1.3438799,1.3420451,1.34302,4807,Bull,1.311435,1.3082199,1.30916,2022-02-21 16:00:00,2022-02-22 23:00:00,2022-02-23 16:00:00,2022-02-25 00:00:00,2022-02-25 12:00:00,2022-03-08 15:00:00,4810,1.31336,1.311275,1.31212,2022-03-08 18:00:00
215,4544,Bear,1.3638649,1.362355,1.3634701,4575,Bull,1.3603151,1.3538499,1.3590851,4592,Bear,1.3620651,1.3603699,1.3604851,4624,Bull,1.33605,1.32729,1.335655,4687,Bear,1.343755,1.3419149,1.342365,4807,Bull,1.311435,1.3082199,1.30916,2022-02-21 16:00:00,2022-02-22 23:00:00,2022-02-23 16:00:00,2022-02-25 00:00:00,2022-03-01 15:00:00,2022-03-08 15:00:00,4810,1.31336,1.311275,1.31212,2022-03-08 18:00:00
216,4544,Bear,1.3638649,1.362355,1.3634701,4575,Bull,1.3603151,1.3538499,1.3590851,4592,Bear,1.3620651,1.3603699,1.3604851,4711,Bull,1.3297501,1.3271551,1.3290999,4735,Bear,1.341805,1.3391,1.3392,4807,Bull,1.311435,1.3082199,1.30916,2022-02-21 16:00:00,2022-02-22 23:00:00,2022-02-23 16:00:00,2022-03-02 15:00:00,2022-03-03 15:00:00,2022-03-08 15:00:00,4810,1.31336,1.311275,1.31212,2022-03-08 18:00:00
217,4636,Bear,1.3438799,1.3420451,1.34302,4654,Bull,1.335575,1.331255,1.3340349,4687,Bear,1.343755,1.3419149,1.342365,4807,Bull,1.311435,1.3082199,1.30916,4856,Bear,1.3194749,1.3146801,1.31585,4880,Bull,1.3087101,1.305105,1.3059499,2022-02-25 12:00:00,2022-02-28 06:00:00,2022-03-01 15:00:00,2022-03-08 15:00:00,2022-03-10 16:00:00,2022-03-11 16:00:00,4883,1.31201,1.308445,1.31085,2022-03-11 19:00:00
218,4636,Bear,1.3438799,1.3420451,1.34302,4711,Bull,1.3297501,1.3271551,1.3290999,4735,Bear,1.341805,1.3391,1.3392,4807,Bull,1.311435,1.3082199,1.30916,4856,Bear,1.3194749,1.3146801,1.31585,4880,Bull,1.3087101,1.305105,1.3059499,2022-02-25 12:00:00,2022-03-02 15:00:00,2022-03-03 15:00:00,2022-03-08 15:00:00,2022-03-10 16:00:00,2022-03-11 16:00:00,4883,1.31201,1.308445,1.31085,2022-03-11 19:00:00
219,4687,Bear,1.343755,1.3419149,1.342365,4711,Bull,1.3297501,1.3271551,1.3290999,4735,Bear,1.341805,1.3391,1.3392,4807,Bull,1.311435,1.3082199,1.30916,4856,Bear,1.3194749,1.3146801,1.31585,4880,Bull,1.3087101,1.305105,1.3059499,2022-03-01 15:00:00,2022-03-02 15:00:00,2022-03-03 15:00:00,2022-03-08 15:00:00,2022-03-10 16:00:00,2022-03-11 16:00:00,4883,1.31201,1.308445,1.31085,2022-03-11 19:00:00
220,4687,Bear,1.343755,1.3419149,1.342365,4711,Bull,1.3297501,1.3271551,1.3290999,4735,Bear,1.341805,1.3391,1.3392,4807,Bull,1.311435,1.3082199,1.30916,4856,Bear,1.3194749,1.3146801,1.31585,4892,Bull,1.3040049,1.302755,1.30354,2022-03-01 15:00:00,2022-03-02 15:00:00,2022-03-03 15:00:00,2022-03-08 15:00:00,2022-03-10 16:00:00,2022-03-12 04:00:00,4894,1.304425,1.30328,1.303825,2022-03-14 05:00:00
221,4687,Bear,1.343755,1.3419149,1.342365,4711,Bull,1.3297501,1.3271551,1.3290999,4735,Bear,1.341805,1.3391,1.3392,4880,Bull,1.3087101,1.305105,1.3059499,4884,Bear,1.312505,1.3079801,1.3092251,4892,Bull,1.3040049,1.302755,1.30354,2022-03-01 15:00:00,2022-03-02 15:00:00,2022-03-03 15:00:00,2022-03-11 16:00:00,2022-03-11 20:00:00,2022-03-12 04:00:00,4894,1.304425,1.30328,1.303825,2022-03-14 05:00:00
222,4687,Bear,1.343755,1.3419149,1.342365,4711,Bull,1.3297501,1.3271551,1.3290999,4735,Bear,1.341805,1.3391,1.3392,4807,Bull,1.311435,1.3082199,1.30916,4856,Bear,1.3194749,1.3146801,1.31585,4901,Bull,1.302405,1.3009701,1.3023,2022-03-01 15:00:00,2022-03-02 15:00:00,2022-03-03 15:00:00,2022-03-08 15:00:00,2022-03-10 16:00:00,2022-03-14 12:00:00,4904,1.3043051,1.3015251,1.3039501,2022-03-14 15:00:00
223,4687,Bear,1.343755,1.3419149,1.342365,4711,Bull,1.3297501,1.3271551,1.3290999,4735,Bear,1.341805,1.3391,1.3392,4880,Bull,1.3087101,1.305105,1.3059499,4884,Bear,1.312505,1.3079801,1.3092251,4901,Bull,1.302405,1.3009701,1.3023,2022-03-01 15:00:00,2022-03-02 15:00:00,2022-03-03 15:00:00,2022-03-11 16:00:00,2022-03-11 20:00:00,2022-03-14 12:00:00,4904,1.3043051,1.3015251,1.3039501,2022-03-14 15:00:00
224,4735,Bear,1.341805,1.3391,1.3392,4807,Bull,1.311435,1.3082199,1.30916,4856,Bear,1.3194749,1.3146801,1.31585,4901,Bull,1.302405,1.3009701,1.3023,4909,Bear,1.307935,1.302275,1.3066599,4922,Bull,1.3015151,1.30004,1.300735,2022-03-03 15:00:00,2022-03-08 15:00:00,2022-03-10 16:00:00,2022-03-14 12:00:00,2022-03-14 20:00:00,2022-03-15 09:00:00,4924,1.304615,1.302455,1.304595,2022-03-15 11:00:00
225,5067,Bear,1.329875,1.32796,1.3288751,5098,Bull,1.3178501,1.3157101,1.3175349,5117,Bear,1.32249,1.320615,1.322195,5151,Bull,1.3087549,1.306665,1.30829,5168,Bear,1.3115699,1.3086851,1.30917,5170,Bull,1.3099,1.3051,1.3085151,2022-03-23 10:00:00,2022-03-24 17:00:00,2022-03-25 12:00:00,2022-03-28 22:00:00,2022-03-29 15:00:00,2022-03-29 17:00:00,5172,1.3148501,1.30652,1.31286,2022-03-29 19:00:00
226,5199,Bear,1.318255,1.3161399,1.317215,5222,Bull,1.3141799,1.3106251,1.3134,5224,Bear,1.317565,1.3139551,1.3150151,5311,Bull,1.3064449,1.30456,1.305855,5314,Bear,1.31083,1.30932,1.309825,5366,Bull,1.3027749,1.2982049,1.298435,2022-03-30 22:00:00,2022-03-31 21:00:00,2022-03-31 23:00:00,2022-04-06 14:00:00,2022-04-06 17:00:00,2022-04-08 21:00:00,5369,1.3034251,1.302705,1.30316,2022-04-09 00:00:00
227,5199,Bear,1.318255,1.3161399,1.317215,5222,Bull,1.3141799,1.3106251,1.3134,5224,Bear,1.317565,1.3139551,1.3150151,5311,Bull,1.3064449,1.30456,1.305855,5336,Bear,1.31066,1.3085251,1.309015,5366,Bull,1.3027749,1.2982049,1.298435,2022-03-30 22:00:00,2022-03-31 21:00:00,2022-03-31 23:00:00,2022-04-06 14:00:00,2022-04-07 15:00:00,2022-04-08 21:00:00,5369,1.3034251,1.302705,1.30316,2022-04-09 00:00:00
228,5199,Bear,1.318255,1.3161399,1.317215,5222,Bull,1.3141799,1.3106251,1.3134,5224,Bear,1.317565,1.3139551,1.3150151,5311,Bull,1.3064449,1.30456,1.305855,5314,Bear,1.31083,1.30932,1.309825,5432,Bull,1.3000951,1.297315,1.2999799,2022-03-30 22:00:00,2022-03-31 21:00:00,2022-03-31 23:00:00,2022-04-06 14:00:00,2022-04-06 17:00:00,2022-04-13 15:00:00,5436,1.302465,1.29969,1.2999749,2022-04-13 19:00:00
229,5199,Bear,1.318255,1.3161399,1.317215,5222,Bull,1.3141799,1.3106251,1.3134,5224,Bear,1.317565,1.3139551,1.3150151,5311,Bull,1.3064449,1.30456,1.305855,5336,Bear,1.31066,1.3085251,1.309015,5432,Bull,1.3000951,1.297315,1.2999799,2022-03-30 22:00:00,2022-03-31 21:00:00,2022-03-31 23:00:00,2022-04-06 14:00:00,2022-04-07 15:00:00,2022-04-13 15:00:00,5436,1.302465,1.29969,1.2999749,2022-04-13 19:00:00
230,5199,Bear,1.318255,1.3161399,1.317215,5222,Bull,1.3141799,1.3106251,1.3134,5224,Bear,1.317565,1.3139551,1.3150151,5366,Bull,1.3027749,1.2982049,1.298435,5386,Bear,1.305695,1.30231,1.30526,5432,Bull,1.3000951,1.297315,1.2999799,2022-03-30 22:00:00,2022-03-31 21:00:00,2022-03-31 23:00:00,2022-04-08 21:00:00,2022-04-11 17:00:00,2022-04-13 15:00:00,5436,1.302465,1.29969,1.2999749,2022-04-13 19:00:00
231,5199,Bear,1.318255,1.3161399,1.317215,5222,Bull,1.3141799,1.3106251,1.3134,5224,Bear,1.317565,1.3139551,1.3150151,5366,Bull,1.3027749,1.2982049,1.298435,5414,Bear,1.30539,1.303355,1.3036749,5432,Bull,1.3000951,1.297315,1.2999799,2022-03-30 22:00:00,2022-03-31 21:00:00,2022-03-31 23:00:00,2022-04-08 21:00:00,2022-04-12 21:00:00,2022-04-13 15:00:00,5436,1.302465,1.29969,1.2999749,2022-04-13 19:00:00
232,5199,Bear,1.318255,1.3161399,1.317215,5247,Bull,1.31129,1.308655,1.3108151,5295,Bear,1.31669,1.3112049,1.313035,5366,Bull,1.3027749,1.2982049,1.298435,5386,Bear,1.305695,1.30231,1.30526,5432,Bull,1.3000951,1.297315,1.2999799,2022-03-30 22:00:00,2022-04-01 22:00:00,2022-04-05 22:00:00,2022-04-08 21:00:00,2022-04-11 17:00:00,2022-04-13 15:00:00,5436,1.302465,1.29969,1.2999749,2022-04-13 19:00:00
233,5199,Bear,1.318255,1.3161399,1.317215,5247,Bull,1.31129,1.308655,1.3108151,5295,Bear,1.31669,1.3112049,1.313035,5366,Bull,1.3027749,1.2982049,1.298435,5414,Bear,1.30539,1.303355,1.3036749,5432,Bull,1.3000951,1.297315,1.2999799,2022-03-30 22:00:00,2022-04-01 22:00:00,2022-04-05 22:00:00,2022-04-08 21:00:00,2022-04-12 21:00:00,2022-04-13 15:00:00,5436,1.302465,1.29969,1.2999749,2022-04-13 19:00:00
234,5224,Bear,1.317565,1.3139551,1.3150151,5247,Bull,1.31129,1.308655,1.3108151,5295,Bear,1.31669,1.3112049,1.313035,5366,Bull,1.3027749,1.2982049,1.298435,5386,Bear,1.305695,1.30231,1.30526,5432,Bull,1.3000951,1.297315,1.2999799,2022-03-31 23:00:00,2022-04-01 22:00:00,2022-04-05 22:00:00,2022-04-08 21:00:00,2022-04-11 17:00:00,2022-04-13 15:00:00,5436,1.302465,1.29969,1.2999749,2022-04-13 19:00:00
235,5224,Bear,1.317565,1.3139551,1.3150151,5247,Bull,1.31129,1.308655,1.3108151,5295,Bear,1.31669,1.3112049,1.313035,5366,Bull,1.3027749,1.2982049,1.298435,5414,Bear,1.30539,1.303355,1.3036749,5432,Bull,1.3000951,1.297315,1.2999799,2022-03-31 23:00:00,2022-04-01 22:00:00,2022-04-05 22:00:00,2022-04-08 21:00:00,2022-04-12 21:00:00,2022-04-13 15:00:00,5436,1.302465,1.29969,1.2999749,2022-04-13 19:00:00
