sn,e_serial_p0,Direction_p0,e_high_p0,e_low_p0,e_close_p0,e_serial_p1,Direction_p1,e_high_p1,e_low_p1,e_close_p1,e_serial_p2,Direction_p2,e_high_p2,e_low_p2,e_close_p2,e_serial_p3,Direction_p3,e_high_p3,e_low_p3,e_close_p3,e_serial_p4,Direction_p4,e_high_p4,e_low_p4,e_close_p4,e_serial_p5,Direction_p5,e_high_p5,e_low_p5,e_close_p5,w0,w1,w2,w3,w4,w5,c_serial,c_high,c_low,c_close,c_time
0,399,Bear,1.40014,1.396345,1.396735,451,Bull,1.38891,1.387145,1.3875451,464,Bear,1.393965,1.391945,1.3926301,493,Bull,1.383575,1.38141,1.382365,515,Bear,1.3873,1.38475,1.3861899,522,Bull,1.38136,1.3798549,1.3812051,23/6/21 22:00,26/6/21 2:00,28/6/21 15:00,29/6/21 20:00,30/6/21 18:00,1/7/21 1:00,525,1.3838,1.383,1.3832,1/7/21 4:00
1,417,Bear,1.39866,1.3956499,1.397035,451,Bull,1.38891,1.387145,1.3875451,464,Bear,1.393965,1.391945,1.3926301,493,Bull,1.383575,1.38141,1.382365,515,Bear,1.3873,1.38475,1.3861899,522,Bull,1.38136,1.3798549,1.3812051,24/6/21 16:00,26/6/21 2:00,28/6/21 15:00,29/6/21 20:00,30/6/21 18:00,1/7/21 1:00,525,1.3838,1.383,1.3832,1/7/21 4:00
2,399,Bear,1.40014,1.396345,1.396735,451,Bull,1.38891,1.387145,1.3875451,464,Bear,1.393965,1.391945,1.3926301,493,Bull,1.383575,1.38141,1.382365,515,Bear,1.3873,1.38475,1.3861899,539,Bull,1.37922,1.37651,1.37913,23/6/21 22:00,26/6/21 2:00,28/6/21 15:00,29/6/21 20:00,30/6/21 18:00,1/7/21 18:00,541,1.3818,1.3804,1.3811,1/7/21 20:00
3,417,Bear,1.39866,1.3956499,1.397035,451,Bull,1.38891,1.387145,1.3875451,464,Bear,1.393965,1.391945,1.3926301,493,Bull,1.383575,1.38141,1.382365,515,Bear,1.3873,1.38475,1.3861899,539,Bull,1.37922,1.37651,1.37913,24/6/21 16:00,26/6/21 2:00,28/6/21 15:00,29/6/21 20:00,30/6/21 18:00,1/7/21 18:00,541,1.3818,1.3804,1.3811,1/7/21 20:00
4,399,Bear,1.40014,1.396345,1.396735,451,Bull,1.38891,1.387145,1.3875451,464,Bear,1.393965,1.391945,1.3926301,493,Bull,1.383575,1.38141,1.382365,515,Bear,1.3873,1.38475,1.3861899,548,Bull,1.376035,1.3752849,1.375785,23/6/21 22:00,26/6/21 2:00,28/6/21 15:00,29/6/21 20:00,30/6/21 18:00,2/7/21 3:00,550,1.3766,1.3759,1.3763,2/7/21 5:00
5,417,Bear,1.39866,1.3956499,1.397035,451,Bull,1.38891,1.387145,1.3875451,464,Bear,1.393965,1.391945,1.3926301,493,Bull,1.383575,1.38141,1.382365,515,Bear,1.3873,1.38475,1.3861899,548,Bull,1.376035,1.3752849,1.375785,24/6/21 16:00,26/6/21 2:00,28/6/21 15:00,29/6/21 20:00,30/6/21 18:00,2/7/21 3:00,550,1.3766,1.3759,1.3763,2/7/21 5:00
6,399,Bear,1.40014,1.396345,1.396735,451,Bull,1.38891,1.387145,1.3875451,464,Bear,1.393965,1.391945,1.3926301,493,Bull,1.383575,1.38141,1.382365,515,Bear,1.3873,1.38475,1.3861899,551,Bull,1.37634,1.37519,1.37607,23/6/21 22:00,26/6/21 2:00,28/6/21 15:00,29/6/21 20:00,30/6/21 18:00,2/7/21 6:00,557,1.3777,1.3768,1.3771,2/7/21 12:00
7,417,Bear,1.39866,1.3956499,1.397035,451,Bull,1.38891,1.387145,1.3875451,464,Bear,1.393965,1.391945,1.3926301,493,Bull,1.383575,1.38141,1.382365,515,Bear,1.3873,1.38475,1.3861899,551,Bull,1.37634,1.37519,1.37607,24/6/21 16:00,26/6/21 2:00,28/6/21 15:00,29/6/21 20:00,30/6/21 18:00,2/7/21 6:00,557,1.3777,1.3768,1.3771,2/7/21 12:00
8,417,Bear,1.39866,1.3956499,1.397035,451,Bull,1.38891,1.387145,1.3875451,464,Bear,1.393965,1.391945,1.3926301,493,Bull,1.383575,1.38141,1.382365,515,Bear,1.3873,1.38475,1.3861899,565,Bull,1.37872,1.3731899,1.37801,24/6/21 16:00,26/6/21 2:00,28/6/21 15:00,29/6/21 20:00,30/6/21 18:00,2/7/21 20:00,568,1.3797,1.3781,1.3793,2/7/21 23:00
9,854,Bull,1.3617599,1.3572049,1.3614049,865,Bear,1.3642249,1.362965,1.36343,871,Bull,1.3617051,1.3591249,1.3615899,902,Bear,1.37872,1.37644,1.3767049,924,Bull,1.374045,1.372005,1.3735449,953,Bear,1.3833599,1.382445,1.3827751,20/7/21 21:00,21/7/21 8:00,21/7/21 14:00,22/7/21 21:00,23/7/21 19:00,27/7/21 0:00,955,1.3823,1.3814,1.3814,27/7/21 2:00
10,854,Bull,1.3617599,1.3572049,1.3614049,865,Bear,1.3642249,1.362965,1.36343,871,Bull,1.3617051,1.3591249,1.3615899,902,Bear,1.37872,1.37644,1.3767049,924,Bull,1.374045,1.372005,1.3735449,979,Bear,1.38943,1.38866,1.388675,20/7/21 21:00,21/7/21 8:00,21/7/21 14:00,22/7/21 21:00,23/7/21 19:00,28/7/21 2:00,985,1.389,1.3874,1.3877,28/7/21 8:00
11,854,Bull,1.3617599,1.3572049,1.3614049,865,Bear,1.3642249,1.362965,1.36343,871,Bull,1.3617051,1.3591249,1.3615899,953,Bear,1.3833599,1.382445,1.3827751,969,Bull,1.3796599,1.37667,1.3779349,979,Bear,1.38943,1.38866,1.388675,20/7/21 21:00,21/7/21 8:00,21/7/21 14:00,27/7/21 0:00,27/7/21 16:00,28/7/21 2:00,985,1.389,1.3874,1.3877,28/7/21 8:00
12,854,Bull,1.3617599,1.3572049,1.3614049,865,Bear,1.3642249,1.362965,1.36343,871,Bull,1.3617051,1.3591249,1.3615899,902,Bear,1.37872,1.37644,1.3767049,924,Bull,1.374045,1.372005,1.3735449,992,Bear,1.3895,1.38697,1.38728,20/7/21 21:00,21/7/21 8:00,21/7/21 14:00,22/7/21 21:00,23/7/21 19:00,28/7/21 15:00,998,1.3879,1.3845,1.3849,28/7/21 21:00
13,854,Bull,1.3617599,1.3572049,1.3614049,865,Bear,1.3642249,1.362965,1.36343,871,Bull,1.3617051,1.3591249,1.3615899,953,Bear,1.3833599,1.382445,1.3827751,969,Bull,1.3796599,1.37667,1.3779349,992,Bear,1.3895,1.38697,1.38728,20/7/21 21:00,21/7/21 8:00,21/7/21 14:00,27/7/21 0:00,27/7/21 16:00,28/7/21 15:00,998,1.3879,1.3845,1.3849,28/7/21 21:00
14,854,Bull,1.3617599,1.3572049,1.3614049,865,Bear,1.3642249,1.362965,1.36343,871,Bull,1.3617051,1.3591249,1.3615899,953,Bear,1.3833599,1.382445,1.3827751,969,Bull,1.3796599,1.37667,1.3779349,1023,Bear,1.398205,1.39641,1.3977001,20/7/21 21:00,21/7/21 8:00,21/7/21 14:00,27/7/21 0:00,27/7/21 16:00,29/7/21 22:00,1033,1.3964,1.3948,1.3949,30/7/21 8:00
15,854,Bull,1.3617599,1.3572049,1.3614049,865,Bear,1.3642249,1.362965,1.36343,871,Bull,1.3617051,1.3591249,1.3615899,992,Bear,1.3895,1.38697,1.38728,1003,Bull,1.3910451,1.3843601,1.3905001,1023,Bear,1.398205,1.39641,1.3977001,20/7/21 21:00,21/7/21 8:00,21/7/21 14:00,28/7/21 15:00,29/7/21 2:00,29/7/21 22:00,1033,1.3964,1.3948,1.3949,30/7/21 8:00
16,854,Bull,1.3617599,1.3572049,1.3614049,902,Bear,1.37872,1.37644,1.3767049,924,Bull,1.374045,1.372005,1.3735449,992,Bear,1.3895,1.38697,1.38728,1003,Bull,1.3910451,1.3843601,1.3905001,1023,Bear,1.398205,1.39641,1.3977001,20/7/21 21:00,22/7/21 21:00,23/7/21 19:00,28/7/21 15:00,29/7/21 2:00,29/7/21 22:00,1033,1.3964,1.3948,1.3949,30/7/21 8:00
17,871,Bull,1.3617051,1.3591249,1.3615899,902,Bear,1.37872,1.37644,1.3767049,924,Bull,1.374045,1.372005,1.3735449,992,Bear,1.3895,1.38697,1.38728,1003,Bull,1.3910451,1.3843601,1.3905001,1023,Bear,1.398205,1.39641,1.3977001,21/7/21 14:00,22/7/21 21:00,23/7/21 19:00,28/7/21 15:00,29/7/21 2:00,29/7/21 22:00,1033,1.3964,1.3948,1.3949,30/7/21 8:00
18,924,Bull,1.374045,1.372005,1.3735449,953,Bear,1.3833599,1.382445,1.3827751,969,Bull,1.3796599,1.37667,1.3779349,992,Bear,1.3895,1.38697,1.38728,1003,Bull,1.3910451,1.3843601,1.3905001,1023,Bear,1.398205,1.39641,1.3977001,23/7/21 19:00,27/7/21 0:00,27/7/21 16:00,28/7/21 15:00,29/7/21 2:00,29/7/21 22:00,1033,1.3964,1.3948,1.3949,30/7/21 8:00
19,854,Bull,1.3617599,1.3572049,1.3614049,865,Bear,1.3642249,1.362965,1.36343,871,Bull,1.3617051,1.3591249,1.3615899,953,Bear,1.3833599,1.382445,1.3827751,969,Bull,1.3796599,1.37667,1.3779349,1042,Bear,1.398345,1.3966899,1.3974049,20/7/21 21:00,21/7/21 8:00,21/7/21 14:00,27/7/21 0:00,27/7/21 16:00,30/7/21 17:00,1044,1.3975,1.3954,1.3956,30/7/21 19:00
20,854,Bull,1.3617599,1.3572049,1.3614049,865,Bear,1.3642249,1.362965,1.36343,871,Bull,1.3617051,1.3591249,1.3615899,992,Bear,1.3895,1.38697,1.38728,1003,Bull,1.3910451,1.3843601,1.3905001,1042,Bear,1.398345,1.3966899,1.3974049,20/7/21 21:00,21/7/21 8:00,21/7/21 14:00,28/7/21 15:00,29/7/21 2:00,30/7/21 17:00,1044,1.3975,1.3954,1.3956,30/7/21 19:00
21,854,Bull,1.3617599,1.3572049,1.3614049,865,Bear,1.3642249,1.362965,1.36343,871,Bull,1.3617051,1.3591249,1.3615899,1023,Bear,1.398205,1.39641,1.3977001,1038,Bull,1.39486,1.393455,1.3938849,1042,Bear,1.398345,1.3966899,1.3974049,20/7/21 21:00,21/7/21 8:00,21/7/21 14:00,29/7/21 22:00,30/7/21 13:00,30/7/21 17:00,1044,1.3975,1.3954,1.3956,30/7/21 19:00
22,854,Bull,1.3617599,1.3572049,1.3614049,902,Bear,1.37872,1.37644,1.3767049,924,Bull,1.374045,1.372005,1.3735449,992,Bear,1.3895,1.38697,1.38728,1003,Bull,1.3910451,1.3843601,1.3905001,1042,Bear,1.398345,1.3966899,1.3974049,20/7/21 21:00,22/7/21 21:00,23/7/21 19:00,28/7/21 15:00,29/7/21 2:00,30/7/21 17:00,1044,1.3975,1.3954,1.3956,30/7/21 19:00
23,854,Bull,1.3617599,1.3572049,1.3614049,902,Bear,1.37872,1.37644,1.3767049,924,Bull,1.374045,1.372005,1.3735449,1023,Bear,1.398205,1.39641,1.3977001,1038,Bull,1.39486,1.393455,1.3938849,1042,Bear,1.398345,1.3966899,1.3974049,20/7/21 21:00,22/7/21 21:00,23/7/21 19:00,29/7/21 22:00,30/7/21 13:00,30/7/21 17:00,1044,1.3975,1.3954,1.3956,30/7/21 19:00
24,854,Bull,1.3617599,1.3572049,1.3614049,953,Bear,1.3833599,1.382445,1.3827751,969,Bull,1.3796599,1.37667,1.3779349,1023,Bear,1.398205,1.39641,1.3977001,1038,Bull,1.39486,1.393455,1.3938849,1042,Bear,1.398345,1.3966899,1.3974049,20/7/21 21:00,27/7/21 0:00,27/7/21 16:00,29/7/21 22:00,30/7/21 13:00,30/7/21 17:00,1044,1.3975,1.3954,1.3956,30/7/21 19:00
25,854,Bull,1.3617599,1.3572049,1.3614049,992,Bear,1.3895,1.38697,1.38728,1003,Bull,1.3910451,1.3843601,1.3905001,1023,Bear,1.398205,1.39641,1.3977001,1038,Bull,1.39486,1.393455,1.3938849,1042,Bear,1.398345,1.3966899,1.3974049,20/7/21 21:00,28/7/21 15:00,29/7/21 2:00,29/7/21 22:00,30/7/21 13:00,30/7/21 17:00,1044,1.3975,1.3954,1.3956,30/7/21 19:00
26,871,Bull,1.3617051,1.3591249,1.3615899,902,Bear,1.37872,1.37644,1.3767049,924,Bull,1.374045,1.372005,1.3735449,992,Bear,1.3895,1.38697,1.38728,1003,Bull,1.3910451,1.3843601,1.3905001,1042,Bear,1.398345,1.3966899,1.3974049,21/7/21 14:00,22/7/21 21:00,23/7/21 19:00,28/7/21 15:00,29/7/21 2:00,30/7/21 17:00,1044,1.3975,1.3954,1.3956,30/7/21 19:00
27,871,Bull,1.3617051,1.3591249,1.3615899,902,Bear,1.37872,1.37644,1.3767049,924,Bull,1.374045,1.372005,1.3735449,1023,Bear,1.398205,1.39641,1.3977001,1038,Bull,1.39486,1.393455,1.3938849,1042,Bear,1.398345,1.3966899,1.3974049,21/7/21 14:00,22/7/21 21:00,23/7/21 19:00,29/7/21 22:00,30/7/21 13:00,30/7/21 17:00,1044,1.3975,1.3954,1.3956,30/7/21 19:00
28,871,Bull,1.3617051,1.3591249,1.3615899,953,Bear,1.3833599,1.382445,1.3827751,969,Bull,1.3796599,1.37667,1.3779349,1023,Bear,1.398205,1.39641,1.3977001,1038,Bull,1.39486,1.393455,1.3938849,1042,Bear,1.398345,1.3966899,1.3974049,21/7/21 14:00,27/7/21 0:00,27/7/21 16:00,29/7/21 22:00,30/7/21 13:00,30/7/21 17:00,1044,1.3975,1.3954,1.3956,30/7/21 19:00
29,871,Bull,1.3617051,1.3591249,1.3615899,992,Bear,1.3895,1.38697,1.38728,1003,Bull,1.3910451,1.3843601,1.3905001,1023,Bear,1.398205,1.39641,1.3977001,1038,Bull,1.39486,1.393455,1.3938849,1042,Bear,1.398345,1.3966899,1.3974049,21/7/21 14:00,28/7/21 15:00,29/7/21 2:00,29/7/21 22:00,30/7/21 13:00,30/7/21 17:00,1044,1.3975,1.3954,1.3956,30/7/21 19:00
30,924,Bull,1.374045,1.372005,1.3735449,953,Bear,1.3833599,1.382445,1.3827751,969,Bull,1.3796599,1.37667,1.3779349,992,Bear,1.3895,1.38697,1.38728,1003,Bull,1.3910451,1.3843601,1.3905001,1042,Bear,1.398345,1.3966899,1.3974049,23/7/21 19:00,27/7/21 0:00,27/7/21 16:00,28/7/21 15:00,29/7/21 2:00,30/7/21 17:00,1044,1.3975,1.3954,1.3956,30/7/21 19:00
31,924,Bull,1.374045,1.372005,1.3735449,953,Bear,1.3833599,1.382445,1.3827751,969,Bull,1.3796599,1.37667,1.3779349,1023,Bear,1.398205,1.39641,1.3977001,1038,Bull,1.39486,1.393455,1.3938849,1042,Bear,1.398345,1.3966899,1.3974049,23/7/21 19:00,27/7/21 0:00,27/7/21 16:00,29/7/21 22:00,30/7/21 13:00,30/7/21 17:00,1044,1.3975,1.3954,1.3956,30/7/21 19:00
32,924,Bull,1.374045,1.372005,1.3735449,992,Bear,1.3895,1.38697,1.38728,1003,Bull,1.3910451,1.3843601,1.3905001,1023,Bear,1.398205,1.39641,1.3977001,1038,Bull,1.39486,1.393455,1.3938849,1042,Bear,1.398345,1.3966899,1.3974049,23/7/21 19:00,28/7/21 15:00,29/7/21 2:00,29/7/21 22:00,30/7/21 13:00,30/7/21 17:00,1044,1.3975,1.3954,1.3956,30/7/21 19:00
33,969,Bull,1.3796599,1.37667,1.3779349,992,Bear,1.3895,1.38697,1.38728,1003,Bull,1.3910451,1.3843601,1.3905001,1023,Bear,1.398205,1.39641,1.3977001,1038,Bull,1.39486,1.393455,1.3938849,1042,Bear,1.398345,1.3966899,1.3974049,27/7/21 16:00,28/7/21 15:00,29/7/21 2:00,29/7/21 22:00,30/7/21 13:00,30/7/21 17:00,1044,1.3975,1.3954,1.3956,30/7/21 19:00
34,1023,Bear,1.398205,1.39641,1.3977001,1038,Bull,1.39486,1.393455,1.3938849,1042,Bear,1.398345,1.3966899,1.3974049,1059,Bull,1.38975,1.3886449,1.38973,1065,Bear,1.39326,1.39095,1.3921349,1069,Bull,1.39044,1.38844,1.38901,29/7/21 22:00,30/7/21 13:00,30/7/21 17:00,2/8/21 10:00,2/8/21 16:00,2/8/21 20:00,1071,1.3918,1.389,1.3898,2/8/21 22:00
35,1023,Bear,1.398205,1.39641,1.3977001,1038,Bull,1.39486,1.393455,1.3938849,1042,Bear,1.398345,1.3966899,1.3974049,1059,Bull,1.38975,1.3886449,1.38973,1065,Bear,1.39326,1.39095,1.3921349,1073,Bull,1.3898001,1.3875749,1.38955,29/7/21 22:00,30/7/21 13:00,30/7/21 17:00,2/8/21 10:00,2/8/21 16:00,3/8/21 0:00,1085,1.3905,1.3893,1.3895,3/8/21 12:00
36,1023,Bear,1.398205,1.39641,1.3977001,1038,Bull,1.39486,1.393455,1.3938849,1042,Bear,1.398345,1.3966899,1.3974049,1203,Bull,1.3843601,1.38362,1.3842599,1209,Bear,1.3872449,1.3852351,1.38644,1217,Bull,1.384125,1.38276,1.38326,29/7/21 22:00,30/7/21 13:00,30/7/21 17:00,10/8/21 10:00,10/8/21 16:00,11/8/21 0:00,1222,1.3846,1.3838,1.3842,11/8/21 5:00
37,1042,Bear,1.398345,1.3966899,1.3974049,1073,Bull,1.3898001,1.3875749,1.38955,1118,Bear,1.3957751,1.39342,1.394915,1203,Bull,1.3843601,1.38362,1.3842599,1209,Bear,1.3872449,1.3852351,1.38644,1217,Bull,1.384125,1.38276,1.38326,30/7/21 17:00,3/8/21 0:00,4/8/21 21:00,10/8/21 10:00,10/8/21 16:00,11/8/21 0:00,1222,1.3846,1.3838,1.3842,11/8/21 5:00
38,1042,Bear,1.398345,1.3966899,1.3974049,1073,Bull,1.3898001,1.3875749,1.38955,1118,Bear,1.3957751,1.39342,1.394915,1203,Bull,1.3843601,1.38362,1.3842599,1209,Bear,1.3872449,1.3852351,1.38644,1235,Bull,1.3819549,1.380285,1.3817401,30/7/21 17:00,3/8/21 0:00,4/8/21 21:00,10/8/21 10:00,10/8/21 16:00,11/8/21 18:00,1237,1.3876,1.3827,1.386,11/8/21 20:00
39,1118,Bear,1.3957751,1.39342,1.394915,1235,Bull,1.3819549,1.380285,1.3817401,1242,Bear,1.3887949,1.387505,1.3876951,1337,Bull,1.3745899,1.372625,1.37268,1363,Bear,1.3786399,1.37489,1.3762,1406,Bull,1.363615,1.36023,1.3629551,4/8/21 21:00,11/8/21 18:00,12/8/21 1:00,18/8/21 0:00,19/8/21 2:00,20/8/21 21:00,1418,1.3655,1.3642,1.3649,23/8/21 9:00
40,1406,Bull,1.363615,1.36023,1.3629551,1489,Bear,1.3768001,1.37591,1.37609,1513,Bull,1.3700349,1.36799,1.36824,1634,Bear,1.3845451,1.3838351,1.384165,1643,Bull,1.383935,1.38181,1.3818951,1651,Bear,1.38919,1.3878701,1.3878851,20/8/21 21:00,26/8/21 8:00,27/8/21 8:00,3/9/21 9:00,3/9/21 18:00,4/9/21 2:00,1653,1.387,1.3858,1.3867,4/9/21 4:00
41,1406,Bull,1.363615,1.36023,1.3629551,1575,Bear,1.3808,1.37608,1.37613,1587,Bull,1.37415,1.3731251,1.3736451,1634,Bear,1.3845451,1.3838351,1.384165,1643,Bull,1.383935,1.38181,1.3818951,1651,Bear,1.38919,1.3878701,1.3878851,20/8/21 21:00,31/8/21 22:00,1/9/21 10:00,3/9/21 9:00,3/9/21 18:00,4/9/21 2:00,1653,1.387,1.3858,1.3867,4/9/21 4:00
42,1513,Bull,1.3700349,1.36799,1.36824,1575,Bear,1.3808,1.37608,1.37613,1587,Bull,1.37415,1.3731251,1.3736451,1634,Bear,1.3845451,1.3838351,1.384165,1643,Bull,1.383935,1.38181,1.3818951,1651,Bear,1.38919,1.3878701,1.3878851,27/8/21 8:00,31/8/21 22:00,1/9/21 10:00,3/9/21 9:00,3/9/21 18:00,4/9/21 2:00,1653,1.387,1.3858,1.3867,4/9/21 4:00
43,1814,Bear,1.39132,1.387635,1.388005,1827,Bull,1.38048,1.3792701,1.37974,1839,Bear,1.38539,1.3819449,1.3829751,1914,Bull,1.36625,1.3640699,1.3656349,1931,Bear,1.3693049,1.367645,1.36854,1958,Bull,1.3638599,1.3616049,1.363385,14/9/21 21:00,15/9/21 10:00,15/9/21 22:00,21/9/21 1:00,21/9/21 18:00,22/9/21 21:00,1960,1.3669,1.3643,1.3668,22/9/21 23:00
44,1814,Bear,1.39132,1.387635,1.388005,1863,Bull,1.377815,1.37644,1.37685,1881,Bear,1.38129,1.378645,1.379535,1914,Bull,1.36625,1.3640699,1.3656349,1931,Bear,1.3693049,1.367645,1.36854,1958,Bull,1.3638599,1.3616049,1.363385,14/9/21 21:00,16/9/21 22:00,17/9/21 16:00,21/9/21 1:00,21/9/21 18:00,22/9/21 21:00,1960,1.3669,1.3643,1.3668,22/9/21 23:00
45,1839,Bear,1.38539,1.3819449,1.3829751,1863,Bull,1.377815,1.37644,1.37685,1881,Bear,1.38129,1.378645,1.379535,1914,Bull,1.36625,1.3640699,1.3656349,1931,Bear,1.3693049,1.367645,1.36854,1958,Bull,1.3638599,1.3616049,1.363385,15/9/21 22:00,16/9/21 22:00,17/9/21 16:00,21/9/21 1:00,21/9/21 18:00,22/9/21 21:00,1960,1.3669,1.3643,1.3668,22/9/21 23:00
46,1814,Bear,1.39132,1.387635,1.388005,1827,Bull,1.38048,1.3792701,1.37974,1839,Bear,1.38539,1.3819449,1.3829751,1914,Bull,1.36625,1.3640699,1.3656349,1931,Bear,1.3693049,1.367645,1.36854,1964,Bull,1.3649399,1.36095,1.3619001,14/9/21 21:00,15/9/21 10:00,15/9/21 22:00,21/9/21 1:00,21/9/21 18:00,23/9/21 3:00,1976,1.3658,1.3644,1.3656,23/9/21 15:00
47,1814,Bear,1.39132,1.387635,1.388005,1863,Bull,1.377815,1.37644,1.37685,1881,Bear,1.38129,1.378645,1.379535,1914,Bull,1.36625,1.3640699,1.3656349,1931,Bear,1.3693049,1.367645,1.36854,1964,Bull,1.3649399,1.36095,1.3619001,14/9/21 21:00,16/9/21 22:00,17/9/21 16:00,21/9/21 1:00,21/9/21 18:00,23/9/21 3:00,1976,1.3658,1.3644,1.3656,23/9/21 15:00
48,1839,Bear,1.38539,1.3819449,1.3829751,1863,Bull,1.377815,1.37644,1.37685,1881,Bear,1.38129,1.378645,1.379535,1914,Bull,1.36625,1.3640699,1.3656349,1931,Bear,1.3693049,1.367645,1.36854,1964,Bull,1.3649399,1.36095,1.3619001,15/9/21 22:00,16/9/21 22:00,17/9/21 16:00,21/9/21 1:00,21/9/21 18:00,23/9/21 3:00,1976,1.3658,1.3644,1.3656,23/9/21 15:00
49,1814,Bear,1.39132,1.387635,1.388005,1827,Bull,1.38048,1.3792701,1.37974,1839,Bear,1.38539,1.3819449,1.3829751,1964,Bull,1.3649399,1.36095,1.3619001,1985,Bear,1.37508,1.37381,1.374515,2059,Bull,1.35379,1.3520751,1.35325,14/9/21 21:00,15/9/21 10:00,15/9/21 22:00,23/9/21 3:00,24/9/21 0:00,29/9/21 2:00,2061,1.3546,1.3534,1.3538,29/9/21 4:00
50,1814,Bear,1.39132,1.387635,1.388005,1827,Bull,1.38048,1.3792701,1.37974,1839,Bear,1.38539,1.3819449,1.3829751,1964,Bull,1.3649399,1.36095,1.3619001,2031,Bear,1.3729,1.370395,1.3706601,2059,Bull,1.35379,1.3520751,1.35325,14/9/21 21:00,15/9/21 10:00,15/9/21 22:00,23/9/21 3:00,27/9/21 22:00,29/9/21 2:00,2061,1.3546,1.3534,1.3538,29/9/21 4:00
51,1814,Bear,1.39132,1.387635,1.388005,1827,Bull,1.38048,1.3792701,1.37974,1839,Bear,1.38539,1.3819449,1.3829751,1964,Bull,1.3649399,1.36095,1.3619001,2046,Bear,1.3717451,1.371,1.3713751,2059,Bull,1.35379,1.3520751,1.35325,14/9/21 21:00,15/9/21 10:00,15/9/21 22:00,23/9/21 3:00,28/9/21 13:00,29/9/21 2:00,2061,1.3546,1.3534,1.3538,29/9/21 4:00
52,1814,Bear,1.39132,1.387635,1.388005,1863,Bull,1.377815,1.37644,1.37685,1881,Bear,1.38129,1.378645,1.379535,1964,Bull,1.3649399,1.36095,1.3619001,1985,Bear,1.37508,1.37381,1.374515,2059,Bull,1.35379,1.3520751,1.35325,14/9/21 21:00,16/9/21 22:00,17/9/21 16:00,23/9/21 3:00,24/9/21 0:00,29/9/21 2:00,2061,1.3546,1.3534,1.3538,29/9/21 4:00
53,1814,Bear,1.39132,1.387635,1.388005,1863,Bull,1.377815,1.37644,1.37685,1881,Bear,1.38129,1.378645,1.379535,1964,Bull,1.3649399,1.36095,1.3619001,2031,Bear,1.3729,1.370395,1.3706601,2059,Bull,1.35379,1.3520751,1.35325,14/9/21 21:00,16/9/21 22:00,17/9/21 16:00,23/9/21 3:00,27/9/21 22:00,29/9/21 2:00,2061,1.3546,1.3534,1.3538,29/9/21 4:00
54,1814,Bear,1.39132,1.387635,1.388005,1863,Bull,1.377815,1.37644,1.37685,1881,Bear,1.38129,1.378645,1.379535,1964,Bull,1.3649399,1.36095,1.3619001,2046,Bear,1.3717451,1.371,1.3713751,2059,Bull,1.35379,1.3520751,1.35325,14/9/21 21:00,16/9/21 22:00,17/9/21 16:00,23/9/21 3:00,28/9/21 13:00,29/9/21 2:00,2061,1.3546,1.3534,1.3538,29/9/21 4:00
55,1839,Bear,1.38539,1.3819449,1.3829751,1863,Bull,1.377815,1.37644,1.37685,1881,Bear,1.38129,1.378645,1.379535,1964,Bull,1.3649399,1.36095,1.3619001,1985,Bear,1.37508,1.37381,1.374515,2059,Bull,1.35379,1.3520751,1.35325,15/9/21 22:00,16/9/21 22:00,17/9/21 16:00,23/9/21 3:00,24/9/21 0:00,29/9/21 2:00,2061,1.3546,1.3534,1.3538,29/9/21 4:00
56,1839,Bear,1.38539,1.3819449,1.3829751,1863,Bull,1.377815,1.37644,1.37685,1881,Bear,1.38129,1.378645,1.379535,1964,Bull,1.3649399,1.36095,1.3619001,2031,Bear,1.3729,1.370395,1.3706601,2059,Bull,1.35379,1.3520751,1.35325,15/9/21 22:00,16/9/21 22:00,17/9/21 16:00,23/9/21 3:00,27/9/21 22:00,29/9/21 2:00,2061,1.3546,1.3534,1.3538,29/9/21 4:00
57,1839,Bear,1.38539,1.3819449,1.3829751,1863,Bull,1.377815,1.37644,1.37685,1881,Bear,1.38129,1.378645,1.379535,1964,Bull,1.3649399,1.36095,1.3619001,2046,Bear,1.3717451,1.371,1.3713751,2059,Bull,1.35379,1.3520751,1.35325,15/9/21 22:00,16/9/21 22:00,17/9/21 16:00,23/9/21 3:00,28/9/21 13:00,29/9/21 2:00,2061,1.3546,1.3534,1.3538,29/9/21 4:00
58,1839,Bear,1.38539,1.3819449,1.3829751,1863,Bull,1.377815,1.37644,1.37685,1881,Bear,1.38129,1.378645,1.379535,2059,Bull,1.35379,1.3520751,1.35325,2071,Bear,1.355475,1.35337,1.3538849,2081,Bull,1.3442299,1.3411851,1.3424449,15/9/21 22:00,16/9/21 22:00,17/9/21 16:00,29/9/21 2:00,29/9/21 14:00,30/9/21 0:00,2091,1.3453,1.3441,1.3451,30/9/21 10:00
59,1839,Bear,1.38539,1.3819449,1.3829751,1964,Bull,1.3649399,1.36095,1.3619001,1985,Bear,1.37508,1.37381,1.374515,2059,Bull,1.35379,1.3520751,1.35325,2071,Bear,1.355475,1.35337,1.3538849,2081,Bull,1.3442299,1.3411851,1.3424449,15/9/21 22:00,23/9/21 3:00,24/9/21 0:00,29/9/21 2:00,29/9/21 14:00,30/9/21 0:00,2091,1.3453,1.3441,1.3451,30/9/21 10:00
60,1839,Bear,1.38539,1.3819449,1.3829751,1964,Bull,1.3649399,1.36095,1.3619001,2031,Bear,1.3729,1.370395,1.3706601,2059,Bull,1.35379,1.3520751,1.35325,2071,Bear,1.355475,1.35337,1.3538849,2081,Bull,1.3442299,1.3411851,1.3424449,15/9/21 22:00,23/9/21 3:00,27/9/21 22:00,29/9/21 2:00,29/9/21 14:00,30/9/21 0:00,2091,1.3453,1.3441,1.3451,30/9/21 10:00
61,1839,Bear,1.38539,1.3819449,1.3829751,1964,Bull,1.3649399,1.36095,1.3619001,2046,Bear,1.3717451,1.371,1.3713751,2059,Bull,1.35379,1.3520751,1.35325,2071,Bear,1.355475,1.35337,1.3538849,2081,Bull,1.3442299,1.3411851,1.3424449,15/9/21 22:00,23/9/21 3:00,28/9/21 13:00,29/9/21 2:00,29/9/21 14:00,30/9/21 0:00,2091,1.3453,1.3441,1.3451,30/9/21 10:00
62,1881,Bear,1.38129,1.378645,1.379535,1964,Bull,1.3649399,1.36095,1.3619001,1985,Bear,1.37508,1.37381,1.374515,2059,Bull,1.35379,1.3520751,1.35325,2071,Bear,1.355475,1.35337,1.3538849,2081,Bull,1.3442299,1.3411851,1.3424449,17/9/21 16:00,23/9/21 3:00,24/9/21 0:00,29/9/21 2:00,29/9/21 14:00,30/9/21 0:00,2091,1.3453,1.3441,1.3451,30/9/21 10:00
63,1881,Bear,1.38129,1.378645,1.379535,1964,Bull,1.3649399,1.36095,1.3619001,2031,Bear,1.3729,1.370395,1.3706601,2059,Bull,1.35379,1.3520751,1.35325,2071,Bear,1.355475,1.35337,1.3538849,2081,Bull,1.3442299,1.3411851,1.3424449,17/9/21 16:00,23/9/21 3:00,27/9/21 22:00,29/9/21 2:00,29/9/21 14:00,30/9/21 0:00,2091,1.3453,1.3441,1.3451,30/9/21 10:00
64,1881,Bear,1.38129,1.378645,1.379535,1964,Bull,1.3649399,1.36095,1.3619001,2046,Bear,1.3717451,1.371,1.3713751,2059,Bull,1.35379,1.3520751,1.35325,2071,Bear,1.355475,1.35337,1.3538849,2081,Bull,1.3442299,1.3411851,1.3424449,17/9/21 16:00,23/9/21 3:00,28/9/21 13:00,29/9/21 2:00,29/9/21 14:00,30/9/21 0:00,2091,1.3453,1.3441,1.3451,30/9/21 10:00
65,1985,Bear,1.37508,1.37381,1.374515,2006,Bull,1.369405,1.365785,1.368835,2031,Bear,1.3729,1.370395,1.3706601,2059,Bull,1.35379,1.3520751,1.35325,2071,Bear,1.355475,1.35337,1.3538849,2081,Bull,1.3442299,1.3411851,1.3424449,24/9/21 0:00,24/9/21 21:00,27/9/21 22:00,29/9/21 2:00,29/9/21 14:00,30/9/21 0:00,2091,1.3453,1.3441,1.3451,30/9/21 10:00
66,1985,Bear,1.37508,1.37381,1.374515,2006,Bull,1.369405,1.365785,1.368835,2046,Bear,1.3717451,1.371,1.3713751,2059,Bull,1.35379,1.3520751,1.35325,2071,Bear,1.355475,1.35337,1.3538849,2081,Bull,1.3442299,1.3411851,1.3424449,24/9/21 0:00,24/9/21 21:00,28/9/21 13:00,29/9/21 2:00,29/9/21 14:00,30/9/21 0:00,2091,1.3453,1.3441,1.3451,30/9/21 10:00
67,2081,Bull,1.3442299,1.3411851,1.3424449,2104,Bear,1.3517449,1.346045,1.346925,2120,Bull,1.3466899,1.343365,1.34614,2137,Bear,1.357715,1.3557999,1.3557999,2144,Bull,1.3564451,1.35319,1.356255,2151,Bear,1.36404,1.3601949,1.360445,30/9/21 0:00,30/9/21 23:00,1/10/21 15:00,4/10/21 8:00,4/10/21 15:00,4/10/21 22:00,2161,1.3612,1.3594,1.3595,5/10/21 8:00
68,2081,Bull,1.3442299,1.3411851,1.3424449,2104,Bear,1.3517449,1.346045,1.346925,2120,Bull,1.3466899,1.343365,1.34614,2137,Bear,1.357715,1.3557999,1.3557999,2144,Bull,1.3564451,1.35319,1.356255,2176,Bear,1.3648,1.3621349,1.36398,30/9/21 0:00,30/9/21 23:00,1/10/21 15:00,4/10/21 8:00,4/10/21 15:00,5/10/21 23:00,2187,1.3623,1.3611,1.3615,6/10/21 10:00
69,2081,Bull,1.3442299,1.3411851,1.3424449,2104,Bear,1.3517449,1.346045,1.346925,2120,Bull,1.3466899,1.343365,1.34614,2151,Bear,1.36404,1.3601949,1.360445,2162,Bull,1.3596301,1.358455,1.35919,2176,Bear,1.3648,1.3621349,1.36398,30/9/21 0:00,30/9/21 23:00,1/10/21 15:00,4/10/21 22:00,5/10/21 9:00,5/10/21 23:00,2187,1.3623,1.3611,1.3615,6/10/21 10:00
70,2081,Bull,1.3442299,1.3411851,1.3424449,2137,Bear,1.357715,1.3557999,1.3557999,2144,Bull,1.3564451,1.35319,1.356255,2151,Bear,1.36404,1.3601949,1.360445,2162,Bull,1.3596301,1.358455,1.35919,2176,Bear,1.3648,1.3621349,1.36398,30/9/21 0:00,4/10/21 8:00,4/10/21 15:00,4/10/21 22:00,5/10/21 9:00,5/10/21 23:00,2187,1.3623,1.3611,1.3615,6/10/21 10:00
71,2120,Bull,1.3466899,1.343365,1.34614,2137,Bear,1.357715,1.3557999,1.3557999,2144,Bull,1.3564451,1.35319,1.356255,2151,Bear,1.36404,1.3601949,1.360445,2162,Bull,1.3596301,1.358455,1.35919,2176,Bear,1.3648,1.3621349,1.36398,1/10/21 15:00,4/10/21 8:00,4/10/21 15:00,4/10/21 22:00,5/10/21 9:00,5/10/21 23:00,2187,1.3623,1.3611,1.3615,6/10/21 10:00
72,2081,Bull,1.3442299,1.3411851,1.3424449,2104,Bear,1.3517449,1.346045,1.346925,2120,Bull,1.3466899,1.343365,1.34614,2137,Bear,1.357715,1.3557999,1.3557999,2144,Bull,1.3564451,1.35319,1.356255,2245,Bear,1.365865,1.3619001,1.3640499,30/9/21 0:00,30/9/21 23:00,1/10/21 15:00,4/10/21 8:00,4/10/21 15:00,8/10/21 20:00,2249,1.3629,1.3611,1.3617,9/10/21 0:00
73,2081,Bull,1.3442299,1.3411851,1.3424449,2104,Bear,1.3517449,1.346045,1.346925,2120,Bull,1.3466899,1.343365,1.34614,2176,Bear,1.3648,1.3621349,1.36398,2195,Bull,1.3573949,1.3544049,1.357305,2245,Bear,1.365865,1.3619001,1.3640499,30/9/21 0:00,30/9/21 23:00,1/10/21 15:00,5/10/21 23:00,6/10/21 18:00,8/10/21 20:00,2249,1.3629,1.3611,1.3617,9/10/21 0:00
74,2081,Bull,1.3442299,1.3411851,1.3424449,2104,Bear,1.3517449,1.346045,1.346925,2120,Bull,1.3466899,1.343365,1.34614,2176,Bear,1.3648,1.3621349,1.36398,2217,Bull,1.35927,1.357065,1.358765,2245,Bear,1.365865,1.3619001,1.3640499,30/9/21 0:00,30/9/21 23:00,1/10/21 15:00,5/10/21 23:00,7/10/21 16:00,8/10/21 20:00,2249,1.3629,1.3611,1.3617,9/10/21 0:00
75,2081,Bull,1.3442299,1.3411851,1.3424449,2104,Bear,1.3517449,1.346045,1.346925,2120,Bull,1.3466899,1.343365,1.34614,2176,Bear,1.3648,1.3621349,1.36398,2240,Bull,1.36012,1.358365,1.35924,2245,Bear,1.365865,1.3619001,1.3640499,30/9/21 0:00,30/9/21 23:00,1/10/21 15:00,5/10/21 23:00,8/10/21 15:00,8/10/21 20:00,2249,1.3629,1.3611,1.3617,9/10/21 0:00
76,2081,Bull,1.3442299,1.3411851,1.3424449,2104,Bear,1.3517449,1.346045,1.346925,2120,Bull,1.3466899,1.343365,1.34614,2137,Bear,1.357715,1.3557999,1.3557999,2144,Bull,1.3564451,1.35319,1.356255,2263,Bear,1.3673899,1.3650899,1.366485,30/9/21 0:00,30/9/21 23:00,1/10/21 15:00,4/10/21 8:00,4/10/21 15:00,11/10/21 14:00,2265,1.3657,1.3632,1.3647,11/10/21 16:00
77,2081,Bull,1.3442299,1.3411851,1.3424449,2104,Bear,1.3517449,1.346045,1.346925,2120,Bull,1.3466899,1.343365,1.34614,2176,Bear,1.3648,1.3621349,1.36398,2195,Bull,1.3573949,1.3544049,1.357305,2263,Bear,1.3673899,1.3650899,1.366485,30/9/21 0:00,30/9/21 23:00,1/10/21 15:00,5/10/21 23:00,6/10/21 18:00,11/10/21 14:00,2265,1.3657,1.3632,1.3647,11/10/21 16:00
78,2081,Bull,1.3442299,1.3411851,1.3424449,2104,Bear,1.3517449,1.346045,1.346925,2120,Bull,1.3466899,1.343365,1.34614,2176,Bear,1.3648,1.3621349,1.36398,2217,Bull,1.35927,1.357065,1.358765,2263,Bear,1.3673899,1.3650899,1.366485,30/9/21 0:00,30/9/21 23:00,1/10/21 15:00,5/10/21 23:00,7/10/21 16:00,11/10/21 14:00,2265,1.3657,1.3632,1.3647,11/10/21 16:00
79,2081,Bull,1.3442299,1.3411851,1.3424449,2104,Bear,1.3517449,1.346045,1.346925,2120,Bull,1.3466899,1.343365,1.34614,2176,Bear,1.3648,1.3621349,1.36398,2240,Bull,1.36012,1.358365,1.35924,2263,Bear,1.3673899,1.3650899,1.366485,30/9/21 0:00,30/9/21 23:00,1/10/21 15:00,5/10/21 23:00,8/10/21 15:00,11/10/21 14:00,2265,1.3657,1.3632,1.3647,11/10/21 16:00
80,2282,Bull,1.3591149,1.3580899,1.35902,2287,Bear,1.361225,1.359945,1.3607199,2289,Bull,1.36039,1.3568699,1.360075,2339,Bear,1.373445,1.3708501,1.3710401,2349,Bull,1.36771,1.366765,1.367265,2364,Bear,1.3758099,1.3742249,1.3751049,12/10/21 9:00,12/10/21 14:00,12/10/21 16:00,14/10/21 18:00,15/10/21 4:00,15/10/21 19:00,,,,,
81,2282,Bull,1.3591149,1.3580899,1.35902,2287,Bear,1.361225,1.359945,1.3607199,2289,Bull,1.36039,1.3568699,1.360075,2339,Bear,1.373445,1.3708501,1.3710401,2349,Bull,1.36771,1.366765,1.367265,2367,Bear,1.3773351,1.3743601,1.37693,12/10/21 9:00,12/10/21 14:00,12/10/21 16:00,14/10/21 18:00,15/10/21 4:00,15/10/21 22:00,2378,1.3747,1.3734,1.3735,18/10/21 9:00
82,2195,Bull,1.3573949,1.3544049,1.357305,2263,Bear,1.3673899,1.3650899,1.366485,2289,Bull,1.36039,1.3568699,1.360075,2367,Bear,1.3773351,1.3743601,1.37693,2392,Bull,1.37274,1.3709099,1.3727,2412,Bear,1.3833799,1.381855,1.3824849,6/10/21 18:00,11/10/21 14:00,12/10/21 16:00,15/10/21 22:00,18/10/21 23:00,19/10/21 19:00,2414,1.3819,1.3805,1.3814,19/10/21 21:00
83,2217,Bull,1.35927,1.357065,1.358765,2263,Bear,1.3673899,1.3650899,1.366485,2289,Bull,1.36039,1.3568699,1.360075,2367,Bear,1.3773351,1.3743601,1.37693,2392,Bull,1.37274,1.3709099,1.3727,2412,Bear,1.3833799,1.381855,1.3824849,7/10/21 16:00,11/10/21 14:00,12/10/21 16:00,15/10/21 22:00,18/10/21 23:00,19/10/21 19:00,2414,1.3819,1.3805,1.3814,19/10/21 21:00
84,2240,Bull,1.36012,1.358365,1.35924,2263,Bear,1.3673899,1.3650899,1.366485,2289,Bull,1.36039,1.3568699,1.360075,2367,Bear,1.3773351,1.3743601,1.37693,2392,Bull,1.37274,1.3709099,1.3727,2412,Bear,1.3833799,1.381855,1.3824849,8/10/21 15:00,11/10/21 14:00,12/10/21 16:00,15/10/21 22:00,18/10/21 23:00,19/10/21 19:00,2414,1.3819,1.3805,1.3814,19/10/21 21:00
85,2282,Bull,1.3591149,1.3580899,1.35902,2287,Bear,1.361225,1.359945,1.3607199,2289,Bull,1.36039,1.3568699,1.360075,2367,Bear,1.3773351,1.3743601,1.37693,2392,Bull,1.37274,1.3709099,1.3727,2412,Bear,1.3833799,1.381855,1.3824849,12/10/21 9:00,12/10/21 14:00,12/10/21 16:00,15/10/21 22:00,18/10/21 23:00,19/10/21 19:00,2414,1.3819,1.3805,1.3814,19/10/21 21:00
86,2217,Bull,1.35927,1.357065,1.358765,2263,Bear,1.3673899,1.3650899,1.366485,2289,Bull,1.36039,1.3568699,1.360075,2367,Bear,1.3773351,1.3743601,1.37693,2392,Bull,1.37274,1.3709099,1.3727,2443,Bear,1.38346,1.382465,1.3832049,7/10/21 16:00,11/10/21 14:00,12/10/21 16:00,15/10/21 22:00,18/10/21 23:00,21/10/21 2:00,2445,1.3828,1.3822,1.3824,21/10/21 4:00
87,2217,Bull,1.35927,1.357065,1.358765,2263,Bear,1.3673899,1.3650899,1.366485,2289,Bull,1.36039,1.3568699,1.360075,2412,Bear,1.3833799,1.381855,1.3824849,2436,Bull,1.376575,1.3742399,1.374295,2443,Bear,1.38346,1.382465,1.3832049,7/10/21 16:00,11/10/21 14:00,12/10/21 16:00,19/10/21 19:00,20/10/21 19:00,21/10/21 2:00,2445,1.3828,1.3822,1.3824,21/10/21 4:00
88,2240,Bull,1.36012,1.358365,1.35924,2263,Bear,1.3673899,1.3650899,1.366485,2289,Bull,1.36039,1.3568699,1.360075,2367,Bear,1.3773351,1.3743601,1.37693,2392,Bull,1.37274,1.3709099,1.3727,2443,Bear,1.38346,1.382465,1.3832049,8/10/21 15:00,11/10/21 14:00,12/10/21 16:00,15/10/21 22:00,18/10/21 23:00,21/10/21 2:00,2445,1.3828,1.3822,1.3824,21/10/21 4:00
89,2240,Bull,1.36012,1.358365,1.35924,2263,Bear,1.3673899,1.3650899,1.366485,2289,Bull,1.36039,1.3568699,1.360075,2412,Bear,1.3833799,1.381855,1.3824849,2436,Bull,1.376575,1.3742399,1.374295,2443,Bear,1.38346,1.382465,1.3832049,8/10/21 15:00,11/10/21 14:00,12/10/21 16:00,19/10/21 19:00,20/10/21 19:00,21/10/21 2:00,2445,1.3828,1.3822,1.3824,21/10/21 4:00
90,2282,Bull,1.3591149,1.3580899,1.35902,2287,Bear,1.361225,1.359945,1.3607199,2289,Bull,1.36039,1.3568699,1.360075,2367,Bear,1.3773351,1.3743601,1.37693,2392,Bull,1.37274,1.3709099,1.3727,2443,Bear,1.38346,1.382465,1.3832049,12/10/21 9:00,12/10/21 14:00,12/10/21 16:00,15/10/21 22:00,18/10/21 23:00,21/10/21 2:00,2445,1.3828,1.3822,1.3824,21/10/21 4:00
91,2282,Bull,1.3591149,1.3580899,1.35902,2287,Bear,1.361225,1.359945,1.3607199,2289,Bull,1.36039,1.3568699,1.360075,2412,Bear,1.3833799,1.381855,1.3824849,2436,Bull,1.376575,1.3742399,1.374295,2443,Bear,1.38346,1.382465,1.3832049,12/10/21 9:00,12/10/21 14:00,12/10/21 16:00,19/10/21 19:00,20/10/21 19:00,21/10/21 2:00,2445,1.3828,1.3822,1.3824,21/10/21 4:00
92,2289,Bull,1.36039,1.3568699,1.360075,2339,Bear,1.373445,1.3708501,1.3710401,2349,Bull,1.36771,1.366765,1.367265,2412,Bear,1.3833799,1.381855,1.3824849,2436,Bull,1.376575,1.3742399,1.374295,2443,Bear,1.38346,1.382465,1.3832049,12/10/21 16:00,14/10/21 18:00,15/10/21 4:00,19/10/21 19:00,20/10/21 19:00,21/10/21 2:00,2445,1.3828,1.3822,1.3824,21/10/21 4:00
93,2412,Bear,1.3833799,1.381855,1.3824849,2436,Bull,1.376575,1.3742399,1.374295,2443,Bear,1.38346,1.382465,1.3832049,2627,Bull,1.3663449,1.3642,1.3654151,2630,Bear,1.3693299,1.367305,1.3674049,2652,Bull,1.36486,1.362575,1.364835,19/10/21 19:00,20/10/21 19:00,21/10/21 2:00,1/11/21 18:00,1/11/21 21:00,2/11/21 19:00,2654,1.3664,1.3631,1.3633,2/11/21 21:00
94,2443,Bear,1.38346,1.382465,1.3832049,2489,Bull,1.37568,1.373585,1.37549,2532,Bear,1.3829651,1.380645,1.3806951,2627,Bull,1.3663449,1.3642,1.3654151,2630,Bear,1.3693299,1.367305,1.3674049,2652,Bull,1.36486,1.362575,1.364835,21/10/21 2:00,23/10/21 0:00,26/10/21 19:00,1/11/21 18:00,1/11/21 21:00,2/11/21 19:00,2654,1.3664,1.3631,1.3633,2/11/21 21:00
95,2443,Bear,1.38346,1.382465,1.3832049,2559,Bull,1.37526,1.370955,1.371495,2584,Bear,1.38152,1.3796699,1.3803649,2627,Bull,1.3663449,1.3642,1.3654151,2630,Bear,1.3693299,1.367305,1.3674049,2652,Bull,1.36486,1.362575,1.364835,21/10/21 2:00,27/10/21 22:00,28/10/21 23:00,1/11/21 18:00,1/11/21 21:00,2/11/21 19:00,2654,1.3664,1.3631,1.3633,2/11/21 21:00
96,2532,Bear,1.3829651,1.380645,1.3806951,2559,Bull,1.37526,1.370955,1.371495,2584,Bear,1.38152,1.3796699,1.3803649,2627,Bull,1.3663449,1.3642,1.3654151,2630,Bear,1.3693299,1.367305,1.3674049,2652,Bull,1.36486,1.362575,1.364835,26/10/21 19:00,27/10/21 22:00,28/10/21 23:00,1/11/21 18:00,1/11/21 21:00,2/11/21 19:00,2654,1.3664,1.3631,1.3633,2/11/21 21:00
97,2412,Bear,1.3833799,1.381855,1.3824849,2436,Bull,1.376575,1.3742399,1.374295,2443,Bear,1.38346,1.382465,1.3832049,2627,Bull,1.3663449,1.3642,1.3654151,2630,Bear,1.3693299,1.367305,1.3674049,2657,Bull,1.3617699,1.36057,1.3606501,19/10/21 19:00,20/10/21 19:00,21/10/21 2:00,1/11/21 18:00,1/11/21 21:00,3/11/21 0:00,2659,1.3625,1.3613,1.3618,3/11/21 2:00
98,2443,Bear,1.38346,1.382465,1.3832049,2489,Bull,1.37568,1.373585,1.37549,2532,Bear,1.3829651,1.380645,1.3806951,2627,Bull,1.3663449,1.3642,1.3654151,2630,Bear,1.3693299,1.367305,1.3674049,2657,Bull,1.3617699,1.36057,1.3606501,21/10/21 2:00,23/10/21 0:00,26/10/21 19:00,1/11/21 18:00,1/11/21 21:00,3/11/21 0:00,2659,1.3625,1.3613,1.3618,3/11/21 2:00
99,2443,Bear,1.38346,1.382465,1.3832049,2559,Bull,1.37526,1.370955,1.371495,2584,Bear,1.38152,1.3796699,1.3803649,2627,Bull,1.3663449,1.3642,1.3654151,2630,Bear,1.3693299,1.367305,1.3674049,2657,Bull,1.3617699,1.36057,1.3606501,21/10/21 2:00,27/10/21 22:00,28/10/21 23:00,1/11/21 18:00,1/11/21 21:00,3/11/21 0:00,2659,1.3625,1.3613,1.3618,3/11/21 2:00
100,2532,Bear,1.3829651,1.380645,1.3806951,2559,Bull,1.37526,1.370955,1.371495,2584,Bear,1.38152,1.3796699,1.3803649,2627,Bull,1.3663449,1.3642,1.3654151,2630,Bear,1.3693299,1.367305,1.3674049,2657,Bull,1.3617699,1.36057,1.3606501,26/10/21 19:00,27/10/21 22:00,28/10/21 23:00,1/11/21 18:00,1/11/21 21:00,3/11/21 0:00,2659,1.3625,1.3613,1.3618,3/11/21 2:00
101,2532,Bear,1.3829651,1.380645,1.3806951,2559,Bull,1.37526,1.370955,1.371495,2584,Bear,1.38152,1.3796699,1.3803649,2723,Bull,1.3443849,1.3424399,1.34432,2769,Bear,1.36074,1.3561001,1.3600299,2805,Bull,1.341075,1.3401201,1.3404701,26/10/21 19:00,27/10/21 22:00,28/10/21 23:00,5/11/21 18:00,9/11/21 17:00,11/11/21 5:00,2808,1.342,1.3407,1.3409,11/11/21 8:00
102,2532,Bear,1.3829651,1.380645,1.3806951,2657,Bull,1.3617699,1.36057,1.3606501,2688,Bear,1.36987,1.368845,1.3694,2723,Bull,1.3443849,1.3424399,1.34432,2769,Bear,1.36074,1.3561001,1.3600299,2805,Bull,1.341075,1.3401201,1.3404701,26/10/21 19:00,3/11/21 0:00,4/11/21 7:00,5/11/21 18:00,9/11/21 17:00,11/11/21 5:00,2808,1.342,1.3407,1.3409,11/11/21 8:00
103,2584,Bear,1.38152,1.3796699,1.3803649,2657,Bull,1.3617699,1.36057,1.3606501,2688,Bear,1.36987,1.368845,1.3694,2723,Bull,1.3443849,1.3424399,1.34432,2769,Bear,1.36074,1.3561001,1.3600299,2805,Bull,1.341075,1.3401201,1.3404701,28/10/21 23:00,3/11/21 0:00,4/11/21 7:00,5/11/21 18:00,9/11/21 17:00,11/11/21 5:00,2808,1.342,1.3407,1.3409,11/11/21 8:00
104,2532,Bear,1.3829651,1.380645,1.3806951,2559,Bull,1.37526,1.370955,1.371495,2584,Bear,1.38152,1.3796699,1.3803649,2723,Bull,1.3443849,1.3424399,1.34432,2769,Bear,1.36074,1.3561001,1.3600299,2811,Bull,1.340905,1.33927,1.340735,26/10/21 19:00,27/10/21 22:00,28/10/21 23:00,5/11/21 18:00,9/11/21 17:00,11/11/21 11:00,2813,1.3418,1.3406,1.3417,11/11/21 13:00
105,2532,Bear,1.3829651,1.380645,1.3806951,2657,Bull,1.3617699,1.36057,1.3606501,2688,Bear,1.36987,1.368845,1.3694,2723,Bull,1.3443849,1.3424399,1.34432,2769,Bear,1.36074,1.3561001,1.3600299,2811,Bull,1.340905,1.33927,1.340735,26/10/21 19:00,3/11/21 0:00,4/11/21 7:00,5/11/21 18:00,9/11/21 17:00,11/11/21 11:00,2813,1.3418,1.3406,1.3417,11/11/21 13:00
106,2584,Bear,1.38152,1.3796699,1.3803649,2657,Bull,1.3617699,1.36057,1.3606501,2688,Bear,1.36987,1.368845,1.3694,2723,Bull,1.3443849,1.3424399,1.34432,2769,Bear,1.36074,1.3561001,1.3600299,2811,Bull,1.340905,1.33927,1.340735,28/10/21 23:00,3/11/21 0:00,4/11/21 7:00,5/11/21 18:00,9/11/21 17:00,11/11/21 11:00,2813,1.3418,1.3406,1.3417,11/11/21 13:00
107,2584,Bear,1.38152,1.3796699,1.3803649,2657,Bull,1.3617699,1.36057,1.3606501,2688,Bear,1.36987,1.368845,1.3694,2723,Bull,1.3443849,1.3424399,1.34432,2769,Bear,1.36074,1.3561001,1.3600299,2816,Bull,1.3395,1.3364,1.3392849,28/10/21 23:00,3/11/21 0:00,4/11/21 7:00,5/11/21 18:00,9/11/21 17:00,11/11/21 16:00,2820,1.3413,1.3395,1.3406,11/11/21 20:00
108,2584,Bear,1.38152,1.3796699,1.3803649,2657,Bull,1.3617699,1.36057,1.3606501,2688,Bear,1.36987,1.368845,1.3694,2723,Bull,1.3443849,1.3424399,1.34432,2769,Bear,1.36074,1.3561001,1.3600299,2828,Bull,1.3366301,1.335865,1.3363299,28/10/21 23:00,3/11/21 0:00,4/11/21 7:00,5/11/21 18:00,9/11/21 17:00,12/11/21 4:00,,,,,
109,2584,Bear,1.38152,1.3796699,1.3803649,2657,Bull,1.3617699,1.36057,1.3606501,2688,Bear,1.36987,1.368845,1.3694,2723,Bull,1.3443849,1.3424399,1.34432,2769,Bear,1.36074,1.3561001,1.3600299,2834,Bull,1.33624,1.335335,1.33606,28/10/21 23:00,3/11/21 0:00,4/11/21 7:00,5/11/21 18:00,9/11/21 17:00,12/11/21 10:00,2836,1.3365,1.3359,1.3365,12/11/21 12:00
110,2935,Bear,1.3513651,1.34888,1.3510151,2941,Bull,1.3486099,1.34639,1.3466899,2959,Bear,1.35098,1.349015,1.3491349,3012,Bull,1.3361549,1.3342249,1.334805,3031,Bear,1.33901,1.336925,1.3371351,3043,Bull,1.333475,1.3315849,1.3321149,18/11/21 15:00,18/11/21 21:00,19/11/21 15:00,23/11/21 20:00,24/11/21 15:00,25/11/21 3:00,3051,1.3352,1.3342,1.3348,25/11/21 11:00
111,2935,Bear,1.3513651,1.34888,1.3510151,2962,Bull,1.3433349,1.340755,1.3431201,2988,Bear,1.34499,1.3436749,1.344545,3012,Bull,1.3361549,1.3342249,1.334805,3031,Bear,1.33901,1.336925,1.3371351,3043,Bull,1.333475,1.3315849,1.3321149,18/11/21 15:00,19/11/21 18:00,22/11/21 20:00,23/11/21 20:00,24/11/21 15:00,25/11/21 3:00,3051,1.3352,1.3342,1.3348,25/11/21 11:00
112,2959,Bear,1.35098,1.349015,1.3491349,2962,Bull,1.3433349,1.340755,1.3431201,2988,Bear,1.34499,1.3436749,1.344545,3012,Bull,1.3361549,1.3342249,1.334805,3031,Bear,1.33901,1.336925,1.3371351,3043,Bull,1.333475,1.3315849,1.3321149,19/11/21 15:00,19/11/21 18:00,22/11/21 20:00,23/11/21 20:00,24/11/21 15:00,25/11/21 3:00,3051,1.3352,1.3342,1.3348,25/11/21 11:00
113,2935,Bear,1.3513651,1.34888,1.3510151,2941,Bull,1.3486099,1.34639,1.3466899,2959,Bear,1.35098,1.349015,1.3491349,3012,Bull,1.3361549,1.3342249,1.334805,3031,Bear,1.33901,1.336925,1.3371351,3080,Bull,1.33168,1.3278401,1.33045,18/11/21 15:00,18/11/21 21:00,19/11/21 15:00,23/11/21 20:00,24/11/21 15:00,26/11/21 16:00,3083,1.3339,1.3319,1.333,26/11/21 19:00
114,2935,Bear,1.3513651,1.34888,1.3510151,2941,Bull,1.3486099,1.34639,1.3466899,2959,Bear,1.35098,1.349015,1.3491349,3043,Bull,1.333475,1.3315849,1.3321149,3056,Bear,1.335365,1.333875,1.333875,3080,Bull,1.33168,1.3278401,1.33045,18/11/21 15:00,18/11/21 21:00,19/11/21 15:00,25/11/21 3:00,25/11/21 16:00,26/11/21 16:00,3083,1.3339,1.3319,1.333,26/11/21 19:00
115,2935,Bear,1.3513651,1.34888,1.3510151,2962,Bull,1.3433349,1.340755,1.3431201,2988,Bear,1.34499,1.3436749,1.344545,3012,Bull,1.3361549,1.3342249,1.334805,3031,Bear,1.33901,1.336925,1.3371351,3080,Bull,1.33168,1.3278401,1.33045,18/11/21 15:00,19/11/21 18:00,22/11/21 20:00,23/11/21 20:00,24/11/21 15:00,26/11/21 16:00,3083,1.3339,1.3319,1.333,26/11/21 19:00
116,2935,Bear,1.3513651,1.34888,1.3510151,2962,Bull,1.3433349,1.340755,1.3431201,2988,Bear,1.34499,1.3436749,1.344545,3043,Bull,1.333475,1.3315849,1.3321149,3056,Bear,1.335365,1.333875,1.333875,3080,Bull,1.33168,1.3278401,1.33045,18/11/21 15:00,19/11/21 18:00,22/11/21 20:00,25/11/21 3:00,25/11/21 16:00,26/11/21 16:00,3083,1.3339,1.3319,1.333,26/11/21 19:00
117,2959,Bear,1.35098,1.349015,1.3491349,2962,Bull,1.3433349,1.340755,1.3431201,2988,Bear,1.34499,1.3436749,1.344545,3012,Bull,1.3361549,1.3342249,1.334805,3031,Bear,1.33901,1.336925,1.3371351,3080,Bull,1.33168,1.3278401,1.33045,19/11/21 15:00,19/11/21 18:00,22/11/21 20:00,23/11/21 20:00,24/11/21 15:00,26/11/21 16:00,3083,1.3339,1.3319,1.333,26/11/21 19:00
118,2959,Bear,1.35098,1.349015,1.3491349,2962,Bull,1.3433349,1.340755,1.3431201,2988,Bear,1.34499,1.3436749,1.344545,3043,Bull,1.333475,1.3315849,1.3321149,3056,Bear,1.335365,1.333875,1.333875,3080,Bull,1.33168,1.3278401,1.33045,19/11/21 15:00,19/11/21 18:00,22/11/21 20:00,25/11/21 3:00,25/11/21 16:00,26/11/21 16:00,3083,1.3339,1.3319,1.333,26/11/21 19:00
119,2935,Bear,1.3513651,1.34888,1.3510151,2941,Bull,1.3486099,1.34639,1.3466899,2959,Bear,1.35098,1.349015,1.3491349,3080,Bull,1.33168,1.3278401,1.33045,3130,Bear,1.33705,1.3345251,1.3354499,3136,Bull,1.3252399,1.3194749,1.325155,18/11/21 15:00,18/11/21 21:00,19/11/21 15:00,26/11/21 16:00,30/11/21 18:00,1/12/21 0:00,3138,1.3272,1.3253,1.3268,1/12/21 2:00
120,2935,Bear,1.3513651,1.34888,1.3510151,2962,Bull,1.3433349,1.340755,1.3431201,2988,Bear,1.34499,1.3436749,1.344545,3080,Bull,1.33168,1.3278401,1.33045,3130,Bear,1.33705,1.3345251,1.3354499,3136,Bull,1.3252399,1.3194749,1.325155,18/11/21 15:00,19/11/21 18:00,22/11/21 20:00,26/11/21 16:00,30/11/21 18:00,1/12/21 0:00,3138,1.3272,1.3253,1.3268,1/12/21 2:00
121,2959,Bear,1.35098,1.349015,1.3491349,2962,Bull,1.3433349,1.340755,1.3431201,2988,Bear,1.34499,1.3436749,1.344545,3080,Bull,1.33168,1.3278401,1.33045,3130,Bear,1.33705,1.3345251,1.3354499,3136,Bull,1.3252399,1.3194749,1.325155,19/11/21 15:00,19/11/21 18:00,22/11/21 20:00,26/11/21 16:00,30/11/21 18:00,1/12/21 0:00,3138,1.3272,1.3253,1.3268,1/12/21 2:00
122,3364,Bull,1.3201151,1.3191249,1.320035,3392,Bear,1.328275,1.324595,1.3273549,3403,Bull,1.3243,1.3172,1.323875,3543,Bear,1.3438151,1.340575,1.3410101,3572,Bull,1.341635,1.33857,1.34139,3593,Bear,1.344355,1.343395,1.34396,14/12/21 12:00,15/12/21 16:00,16/12/21 3:00,23/12/21 23:00,25/12/21 4:00,28/12/21 1:00,3595,1.3442,1.3431,1.3442,28/12/21 3:00
123,3403,Bull,1.3243,1.3172,1.323875,3421,Bear,1.33746,1.334625,1.33568,3465,Bull,1.32067,1.3173549,1.3185151,3543,Bear,1.3438151,1.340575,1.3410101,3572,Bull,1.341635,1.33857,1.34139,3593,Bear,1.344355,1.343395,1.34396,16/12/21 3:00,16/12/21 21:00,20/12/21 17:00,23/12/21 23:00,25/12/21 4:00,28/12/21 1:00,3595,1.3442,1.3431,1.3442,28/12/21 3:00
124,3403,Bull,1.3243,1.3172,1.323875,3421,Bear,1.33746,1.334625,1.33568,3510,Bull,1.32567,1.3240349,1.32516,3543,Bear,1.3438151,1.340575,1.3410101,3572,Bull,1.341635,1.33857,1.34139,3593,Bear,1.344355,1.343395,1.34396,16/12/21 3:00,16/12/21 21:00,22/12/21 14:00,23/12/21 23:00,25/12/21 4:00,28/12/21 1:00,3595,1.3442,1.3431,1.3442,28/12/21 3:00
125,3465,Bull,1.32067,1.3173549,1.3185151,3505,Bear,1.32752,1.3259399,1.32721,3510,Bull,1.32567,1.3240349,1.32516,3543,Bear,1.3438151,1.340575,1.3410101,3572,Bull,1.341635,1.33857,1.34139,3593,Bear,1.344355,1.343395,1.34396,20/12/21 17:00,22/12/21 9:00,22/12/21 14:00,23/12/21 23:00,25/12/21 4:00,28/12/21 1:00,3595,1.3442,1.3431,1.3442,28/12/21 3:00
126,3364,Bull,1.3201151,1.3191249,1.320035,3392,Bear,1.328275,1.324595,1.3273549,3403,Bull,1.3243,1.3172,1.323875,3543,Bear,1.3438151,1.340575,1.3410101,3572,Bull,1.341635,1.33857,1.34139,3596,Bear,1.3445649,1.3436749,1.344305,14/12/21 12:00,15/12/21 16:00,16/12/21 3:00,23/12/21 23:00,25/12/21 4:00,28/12/21 4:00,3601,1.3439,1.3429,1.3431,28/12/21 9:00
127,3403,Bull,1.3243,1.3172,1.323875,3421,Bear,1.33746,1.334625,1.33568,3465,Bull,1.32067,1.3173549,1.3185151,3543,Bear,1.3438151,1.340575,1.3410101,3572,Bull,1.341635,1.33857,1.34139,3596,Bear,1.3445649,1.3436749,1.344305,16/12/21 3:00,16/12/21 21:00,20/12/21 17:00,23/12/21 23:00,25/12/21 4:00,28/12/21 4:00,3601,1.3439,1.3429,1.3431,28/12/21 9:00
128,3403,Bull,1.3243,1.3172,1.323875,3421,Bear,1.33746,1.334625,1.33568,3510,Bull,1.32567,1.3240349,1.32516,3543,Bear,1.3438151,1.340575,1.3410101,3572,Bull,1.341635,1.33857,1.34139,3596,Bear,1.3445649,1.3436749,1.344305,16/12/21 3:00,16/12/21 21:00,22/12/21 14:00,23/12/21 23:00,25/12/21 4:00,28/12/21 4:00,3601,1.3439,1.3429,1.3431,28/12/21 9:00
129,3465,Bull,1.32067,1.3173549,1.3185151,3505,Bear,1.32752,1.3259399,1.32721,3510,Bull,1.32567,1.3240349,1.32516,3543,Bear,1.3438151,1.340575,1.3410101,3572,Bull,1.341635,1.33857,1.34139,3596,Bear,1.3445649,1.3436749,1.344305,20/12/21 17:00,22/12/21 9:00,22/12/21 14:00,23/12/21 23:00,25/12/21 4:00,28/12/21 4:00,3601,1.3439,1.3429,1.3431,28/12/21 9:00
130,3364,Bull,1.3201151,1.3191249,1.320035,3392,Bear,1.328275,1.324595,1.3273549,3403,Bull,1.3243,1.3172,1.323875,3543,Bear,1.3438151,1.340575,1.3410101,3572,Bull,1.341635,1.33857,1.34139,3613,Bear,1.346165,1.3447249,1.345685,14/12/21 12:00,15/12/21 16:00,16/12/21 3:00,23/12/21 23:00,25/12/21 4:00,28/12/21 21:00,3615,1.345,1.3415,1.3425,28/12/21 23:00
131,3403,Bull,1.3243,1.3172,1.323875,3421,Bear,1.33746,1.334625,1.33568,3465,Bull,1.32067,1.3173549,1.3185151,3543,Bear,1.3438151,1.340575,1.3410101,3572,Bull,1.341635,1.33857,1.34139,3613,Bear,1.346165,1.3447249,1.345685,16/12/21 3:00,16/12/21 21:00,20/12/21 17:00,23/12/21 23:00,25/12/21 4:00,28/12/21 21:00,3615,1.345,1.3415,1.3425,28/12/21 23:00
132,3403,Bull,1.3243,1.3172,1.323875,3421,Bear,1.33746,1.334625,1.33568,3510,Bull,1.32567,1.3240349,1.32516,3543,Bear,1.3438151,1.340575,1.3410101,3572,Bull,1.341635,1.33857,1.34139,3613,Bear,1.346165,1.3447249,1.345685,16/12/21 3:00,16/12/21 21:00,22/12/21 14:00,23/12/21 23:00,25/12/21 4:00,28/12/21 21:00,3615,1.345,1.3415,1.3425,28/12/21 23:00
133,3465,Bull,1.32067,1.3173549,1.3185151,3505,Bear,1.32752,1.3259399,1.32721,3510,Bull,1.32567,1.3240349,1.32516,3543,Bear,1.3438151,1.340575,1.3410101,3572,Bull,1.341635,1.33857,1.34139,3613,Bear,1.346165,1.3447249,1.345685,20/12/21 17:00,22/12/21 9:00,22/12/21 14:00,23/12/21 23:00,25/12/21 4:00,28/12/21 21:00,3615,1.345,1.3415,1.3425,28/12/21 23:00
134,3403,Bull,1.3243,1.3172,1.323875,3421,Bear,1.33746,1.334625,1.33568,3465,Bull,1.32067,1.3173549,1.3185151,3543,Bear,1.3438151,1.340575,1.3410101,3572,Bull,1.341635,1.33857,1.34139,3639,Bear,1.3499551,1.347475,1.34853,16/12/21 3:00,16/12/21 21:00,20/12/21 17:00,23/12/21 23:00,25/12/21 4:00,29/12/21 23:00,3641,1.3491,1.3469,1.3482,30/12/21 1:00
135,3403,Bull,1.3243,1.3172,1.323875,3421,Bear,1.33746,1.334625,1.33568,3465,Bull,1.32067,1.3173549,1.3185151,3613,Bear,1.346165,1.3447249,1.345685,3634,Bull,1.342655,1.3408599,1.34252,3639,Bear,1.3499551,1.347475,1.34853,16/12/21 3:00,16/12/21 21:00,20/12/21 17:00,28/12/21 21:00,29/12/21 18:00,29/12/21 23:00,3641,1.3491,1.3469,1.3482,30/12/21 1:00
136,3403,Bull,1.3243,1.3172,1.323875,3421,Bear,1.33746,1.334625,1.33568,3510,Bull,1.32567,1.3240349,1.32516,3543,Bear,1.3438151,1.340575,1.3410101,3572,Bull,1.341635,1.33857,1.34139,3639,Bear,1.3499551,1.347475,1.34853,16/12/21 3:00,16/12/21 21:00,22/12/21 14:00,23/12/21 23:00,25/12/21 4:00,29/12/21 23:00,3641,1.3491,1.3469,1.3482,30/12/21 1:00
137,3403,Bull,1.3243,1.3172,1.323875,3421,Bear,1.33746,1.334625,1.33568,3510,Bull,1.32567,1.3240349,1.32516,3613,Bear,1.346165,1.3447249,1.345685,3634,Bull,1.342655,1.3408599,1.34252,3639,Bear,1.3499551,1.347475,1.34853,16/12/21 3:00,16/12/21 21:00,22/12/21 14:00,28/12/21 21:00,29/12/21 18:00,29/12/21 23:00,3641,1.3491,1.3469,1.3482,30/12/21 1:00
138,3465,Bull,1.32067,1.3173549,1.3185151,3505,Bear,1.32752,1.3259399,1.32721,3510,Bull,1.32567,1.3240349,1.32516,3543,Bear,1.3438151,1.340575,1.3410101,3572,Bull,1.341635,1.33857,1.34139,3639,Bear,1.3499551,1.347475,1.34853,20/12/21 17:00,22/12/21 9:00,22/12/21 14:00,23/12/21 23:00,25/12/21 4:00,29/12/21 23:00,3641,1.3491,1.3469,1.3482,30/12/21 1:00
139,3465,Bull,1.32067,1.3173549,1.3185151,3505,Bear,1.32752,1.3259399,1.32721,3510,Bull,1.32567,1.3240349,1.32516,3613,Bear,1.346165,1.3447249,1.345685,3634,Bull,1.342655,1.3408599,1.34252,3639,Bear,1.3499551,1.347475,1.34853,20/12/21 17:00,22/12/21 9:00,22/12/21 14:00,28/12/21 21:00,29/12/21 18:00,29/12/21 23:00,3641,1.3491,1.3469,1.3482,30/12/21 1:00
140,3403,Bull,1.3243,1.3172,1.323875,3421,Bear,1.33746,1.334625,1.33568,3465,Bull,1.32067,1.3173549,1.3185151,3543,Bear,1.3438151,1.340575,1.3410101,3572,Bull,1.341635,1.33857,1.34139,3649,Bear,1.3505249,1.349455,1.35045,16/12/21 3:00,16/12/21 21:00,20/12/21 17:00,23/12/21 23:00,25/12/21 4:00,30/12/21 9:00,3652,1.349,1.3486,1.3486,30/12/21 12:00
141,3403,Bull,1.3243,1.3172,1.323875,3421,Bear,1.33746,1.334625,1.33568,3465,Bull,1.32067,1.3173549,1.3185151,3613,Bear,1.346165,1.3447249,1.345685,3634,Bull,1.342655,1.3408599,1.34252,3649,Bear,1.3505249,1.349455,1.35045,16/12/21 3:00,16/12/21 21:00,20/12/21 17:00,28/12/21 21:00,29/12/21 18:00,30/12/21 9:00,3652,1.349,1.3486,1.3486,30/12/21 12:00
142,3403,Bull,1.3243,1.3172,1.323875,3421,Bear,1.33746,1.334625,1.33568,3510,Bull,1.32567,1.3240349,1.32516,3543,Bear,1.3438151,1.340575,1.3410101,3572,Bull,1.341635,1.33857,1.34139,3649,Bear,1.3505249,1.349455,1.35045,16/12/21 3:00,16/12/21 21:00,22/12/21 14:00,23/12/21 23:00,25/12/21 4:00,30/12/21 9:00,3652,1.349,1.3486,1.3486,30/12/21 12:00
143,3403,Bull,1.3243,1.3172,1.323875,3421,Bear,1.33746,1.334625,1.33568,3510,Bull,1.32567,1.3240349,1.32516,3613,Bear,1.346165,1.3447249,1.345685,3634,Bull,1.342655,1.3408599,1.34252,3649,Bear,1.3505249,1.349455,1.35045,16/12/21 3:00,16/12/21 21:00,22/12/21 14:00,28/12/21 21:00,29/12/21 18:00,30/12/21 9:00,3652,1.349,1.3486,1.3486,30/12/21 12:00
144,3465,Bull,1.32067,1.3173549,1.3185151,3505,Bear,1.32752,1.3259399,1.32721,3510,Bull,1.32567,1.3240349,1.32516,3543,Bear,1.3438151,1.340575,1.3410101,3572,Bull,1.341635,1.33857,1.34139,3649,Bear,1.3505249,1.349455,1.35045,20/12/21 17:00,22/12/21 9:00,22/12/21 14:00,23/12/21 23:00,25/12/21 4:00,30/12/21 9:00,3652,1.349,1.3486,1.3486,30/12/21 12:00
145,3465,Bull,1.32067,1.3173549,1.3185151,3505,Bear,1.32752,1.3259399,1.32721,3510,Bull,1.32567,1.3240349,1.32516,3613,Bear,1.346165,1.3447249,1.345685,3634,Bull,1.342655,1.3408599,1.34252,3649,Bear,1.3505249,1.349455,1.35045,20/12/21 17:00,22/12/21 9:00,22/12/21 14:00,28/12/21 21:00,29/12/21 18:00,30/12/21 9:00,3652,1.349,1.3486,1.3486,30/12/21 12:00
146,3465,Bull,1.32067,1.3173549,1.3185151,3505,Bear,1.32752,1.3259399,1.32721,3510,Bull,1.32567,1.3240349,1.32516,3543,Bear,1.3438151,1.340575,1.3410101,3572,Bull,1.341635,1.33857,1.34139,3663,Bear,1.35219,1.3492601,1.349885,20/12/21 17:00,22/12/21 9:00,22/12/21 14:00,23/12/21 23:00,25/12/21 4:00,30/12/21 23:00,3665,1.35,1.3483,1.3486,31/12/21 1:00
147,3465,Bull,1.32067,1.3173549,1.3185151,3505,Bear,1.32752,1.3259399,1.32721,3510,Bull,1.32567,1.3240349,1.32516,3613,Bear,1.346165,1.3447249,1.345685,3634,Bull,1.342655,1.3408599,1.34252,3663,Bear,1.35219,1.3492601,1.349885,20/12/21 17:00,22/12/21 9:00,22/12/21 14:00,28/12/21 21:00,29/12/21 18:00,30/12/21 23:00,3665,1.35,1.3483,1.3486,31/12/21 1:00
148,3465,Bull,1.32067,1.3173549,1.3185151,3505,Bear,1.32752,1.3259399,1.32721,3510,Bull,1.32567,1.3240349,1.32516,3649,Bear,1.3505249,1.349455,1.35045,3657,Bull,1.34636,1.3454299,1.345945,3663,Bear,1.35219,1.3492601,1.349885,20/12/21 17:00,22/12/21 9:00,22/12/21 14:00,30/12/21 9:00,30/12/21 17:00,30/12/21 23:00,3665,1.35,1.3483,1.3486,31/12/21 1:00
149,3465,Bull,1.32067,1.3173549,1.3185151,3543,Bear,1.3438151,1.340575,1.3410101,3572,Bull,1.341635,1.33857,1.34139,3649,Bear,1.3505249,1.349455,1.35045,3657,Bull,1.34636,1.3454299,1.345945,3663,Bear,1.35219,1.3492601,1.349885,20/12/21 17:00,23/12/21 23:00,25/12/21 4:00,30/12/21 9:00,30/12/21 17:00,30/12/21 23:00,3665,1.35,1.3483,1.3486,31/12/21 1:00
150,3510,Bull,1.32567,1.3240349,1.32516,3543,Bear,1.3438151,1.340575,1.3410101,3572,Bull,1.341635,1.33857,1.34139,3649,Bear,1.3505249,1.349455,1.35045,3657,Bull,1.34636,1.3454299,1.345945,3663,Bear,1.35219,1.3492601,1.349885,22/12/21 14:00,23/12/21 23:00,25/12/21 4:00,30/12/21 9:00,30/12/21 17:00,30/12/21 23:00,3665,1.35,1.3483,1.3486,31/12/21 1:00
151,3558,Bull,1.3409901,1.339045,1.3404,3565,Bear,1.34203,1.3403,1.34041,3572,Bull,1.341635,1.33857,1.34139,3649,Bear,1.3505249,1.349455,1.35045,3657,Bull,1.34636,1.3454299,1.345945,3663,Bear,1.35219,1.3492601,1.349885,24/12/21 14:00,24/12/21 21:00,25/12/21 4:00,30/12/21 9:00,30/12/21 17:00,30/12/21 23:00,3665,1.35,1.3483,1.3486,31/12/21 1:00
152,3558,Bull,1.3409901,1.339045,1.3404,3565,Bear,1.34203,1.3403,1.34041,3572,Bull,1.341635,1.33857,1.34139,3762,Bear,1.3598549,1.3584249,1.358585,3776,Bull,1.35146,1.34904,1.3501,3825,Bear,1.3603699,1.35817,1.358235,24/12/21 14:00,24/12/21 21:00,25/12/21 4:00,6/1/22 2:00,6/1/22 16:00,10/1/22 17:00,3827,1.3591,1.3577,1.3582,10/1/22 19:00
153,3572,Bull,1.341635,1.33857,1.34139,3613,Bear,1.346165,1.3447249,1.345685,3634,Bull,1.342655,1.3408599,1.34252,3762,Bear,1.3598549,1.3584249,1.358585,3776,Bull,1.35146,1.34904,1.3501,3825,Bear,1.3603699,1.35817,1.358235,25/12/21 4:00,28/12/21 21:00,29/12/21 18:00,6/1/22 2:00,6/1/22 16:00,10/1/22 17:00,3827,1.3591,1.3577,1.3582,10/1/22 19:00
154,3572,Bull,1.341635,1.33857,1.34139,3613,Bear,1.346165,1.3447249,1.345685,3634,Bull,1.342655,1.3408599,1.34252,3762,Bear,1.3598549,1.3584249,1.358585,3776,Bull,1.35146,1.34904,1.3501,3848,Bear,1.36198,1.359535,1.3610749,25/12/21 4:00,28/12/21 21:00,29/12/21 18:00,6/1/22 2:00,6/1/22 16:00,11/1/22 16:00,3852,1.3594,1.3574,1.3576,11/1/22 20:00
155,3572,Bull,1.341635,1.33857,1.34139,3613,Bear,1.346165,1.3447249,1.345685,3634,Bull,1.342655,1.3408599,1.34252,3825,Bear,1.3603699,1.35817,1.358235,3831,Bull,1.35675,1.353215,1.356065,3848,Bear,1.36198,1.359535,1.3610749,25/12/21 4:00,28/12/21 21:00,29/12/21 18:00,10/1/22 17:00,10/1/22 23:00,11/1/22 16:00,3852,1.3594,1.3574,1.3576,11/1/22 20:00
156,3634,Bull,1.342655,1.3408599,1.34252,3762,Bear,1.3598549,1.3584249,1.358585,3776,Bull,1.35146,1.34904,1.3501,3867,Bear,1.3645899,1.3642099,1.36444,3874,Bull,1.3633549,1.3620901,1.362735,3884,Bear,1.371465,1.3705449,1.3710849,29/12/21 18:00,6/1/22 2:00,6/1/22 16:00,12/1/22 11:00,12/1/22 18:00,13/1/22 4:00,,,,,
157,3634,Bull,1.342655,1.3408599,1.34252,3825,Bear,1.3603699,1.35817,1.358235,3831,Bull,1.35675,1.353215,1.356065,3867,Bear,1.3645899,1.3642099,1.36444,3874,Bull,1.3633549,1.3620901,1.362735,3884,Bear,1.371465,1.3705449,1.3710849,29/12/21 18:00,10/1/22 17:00,10/1/22 23:00,12/1/22 11:00,12/1/22 18:00,13/1/22 4:00,,,,,
158,3711,Bull,1.34652,1.3431001,1.344715,3762,Bear,1.3598549,1.3584249,1.358585,3776,Bull,1.35146,1.34904,1.3501,3867,Bear,1.3645899,1.3642099,1.36444,3874,Bull,1.3633549,1.3620901,1.362735,3884,Bear,1.371465,1.3705449,1.3710849,3/1/22 23:00,6/1/22 2:00,6/1/22 16:00,12/1/22 11:00,12/1/22 18:00,13/1/22 4:00,,,,,
159,3711,Bull,1.34652,1.3431001,1.344715,3825,Bear,1.3603699,1.35817,1.358235,3831,Bull,1.35675,1.353215,1.356065,3867,Bear,1.3645899,1.3642099,1.36444,3874,Bull,1.3633549,1.3620901,1.362735,3884,Bear,1.371465,1.3705449,1.3710849,3/1/22 23:00,10/1/22 17:00,10/1/22 23:00,12/1/22 11:00,12/1/22 18:00,13/1/22 4:00,,,,,
160,3776,Bull,1.35146,1.34904,1.3501,3825,Bear,1.3603699,1.35817,1.358235,3831,Bull,1.35675,1.353215,1.356065,3867,Bear,1.3645899,1.3642099,1.36444,3874,Bull,1.3633549,1.3620901,1.362735,3884,Bear,1.371465,1.3705449,1.3710849,6/1/22 16:00,10/1/22 17:00,10/1/22 23:00,12/1/22 11:00,12/1/22 18:00,13/1/22 4:00,,,,,
161,3634,Bull,1.342655,1.3408599,1.34252,3762,Bear,1.3598549,1.3584249,1.358585,3776,Bull,1.35146,1.34904,1.3501,3867,Bear,1.3645899,1.3642099,1.36444,3874,Bull,1.3633549,1.3620901,1.362735,3898,Bear,1.37489,1.373385,1.3743501,29/12/21 18:00,6/1/22 2:00,6/1/22 16:00,12/1/22 11:00,12/1/22 18:00,13/1/22 18:00,3900,1.3735,1.3714,1.3715,13/1/22 20:00
162,3711,Bull,1.34652,1.3431001,1.344715,3762,Bear,1.3598549,1.3584249,1.358585,3776,Bull,1.35146,1.34904,1.3501,3867,Bear,1.3645899,1.3642099,1.36444,3874,Bull,1.3633549,1.3620901,1.362735,3898,Bear,1.37489,1.373385,1.3743501,3/1/22 23:00,6/1/22 2:00,6/1/22 16:00,12/1/22 11:00,12/1/22 18:00,13/1/22 18:00,3900,1.3735,1.3714,1.3715,13/1/22 20:00
163,3776,Bull,1.35146,1.34904,1.3501,3825,Bear,1.3603699,1.35817,1.358235,3831,Bull,1.35675,1.353215,1.356065,3867,Bear,1.3645899,1.3642099,1.36444,3874,Bull,1.3633549,1.3620901,1.362735,3898,Bear,1.37489,1.373385,1.3743501,6/1/22 16:00,10/1/22 17:00,10/1/22 23:00,12/1/22 11:00,12/1/22 18:00,13/1/22 18:00,3900,1.3735,1.3714,1.3715,13/1/22 20:00
164,3898,Bear,1.37489,1.373385,1.3743501,3908,Bull,1.37203,1.370095,1.3703549,3920,Bear,1.374285,1.372365,1.3733499,3977,Bull,1.3587799,1.35729,1.3577249,4023,Bear,1.36619,1.363275,1.3655901,4043,Bull,1.35678,1.355245,1.3557351,13/1/22 18:00,14/1/22 4:00,14/1/22 16:00,19/1/22 1:00,20/1/22 23:00,21/1/22 19:00,4045,1.3577,1.3563,1.3573,21/1/22 21:00
165,3898,Bear,1.37489,1.373385,1.3743501,3908,Bull,1.37203,1.370095,1.3703549,3920,Bear,1.374285,1.372365,1.3733499,4073,Bull,1.3459251,1.3440299,1.3455501,4089,Bear,1.3496649,1.34796,1.3482549,4092,Bull,1.345685,1.3436301,1.345525,13/1/22 18:00,14/1/22 4:00,14/1/22 16:00,25/1/22 1:00,25/1/22 17:00,25/1/22 20:00,4094,1.3481,1.3465,1.3469,25/1/22 22:00
166,3898,Bear,1.37489,1.373385,1.3743501,3930,Bull,1.367295,1.36534,1.3670499,3944,Bear,1.368995,1.367625,1.3677349,4073,Bull,1.3459251,1.3440299,1.3455501,4089,Bear,1.3496649,1.34796,1.3482549,4092,Bull,1.345685,1.3436301,1.345525,13/1/22 18:00,15/1/22 2:00,17/1/22 16:00,25/1/22 1:00,25/1/22 17:00,25/1/22 20:00,4094,1.3481,1.3465,1.3469,25/1/22 22:00
167,3898,Bear,1.37489,1.373385,1.3743501,3977,Bull,1.3587799,1.35729,1.3577249,4023,Bear,1.36619,1.363275,1.3655901,4073,Bull,1.3459251,1.3440299,1.3455501,4089,Bear,1.3496649,1.34796,1.3482549,4092,Bull,1.345685,1.3436301,1.345525,13/1/22 18:00,19/1/22 1:00,20/1/22 23:00,25/1/22 1:00,25/1/22 17:00,25/1/22 20:00,4094,1.3481,1.3465,1.3469,25/1/22 22:00
168,3920,Bear,1.374285,1.372365,1.3733499,3930,Bull,1.367295,1.36534,1.3670499,3944,Bear,1.368995,1.367625,1.3677349,4073,Bull,1.3459251,1.3440299,1.3455501,4089,Bear,1.3496649,1.34796,1.3482549,4092,Bull,1.345685,1.3436301,1.345525,14/1/22 16:00,15/1/22 2:00,17/1/22 16:00,25/1/22 1:00,25/1/22 17:00,25/1/22 20:00,4094,1.3481,1.3465,1.3469,25/1/22 22:00
169,3920,Bear,1.374285,1.372365,1.3733499,3977,Bull,1.3587799,1.35729,1.3577249,4023,Bear,1.36619,1.363275,1.3655901,4073,Bull,1.3459251,1.3440299,1.3455501,4089,Bear,1.3496649,1.34796,1.3482549,4092,Bull,1.345685,1.3436301,1.345525,14/1/22 16:00,19/1/22 1:00,20/1/22 23:00,25/1/22 1:00,25/1/22 17:00,25/1/22 20:00,4094,1.3481,1.3465,1.3469,25/1/22 22:00
170,3944,Bear,1.368995,1.367625,1.3677349,3977,Bull,1.3587799,1.35729,1.3577249,4023,Bear,1.36619,1.363275,1.3655901,4073,Bull,1.3459251,1.3440299,1.3455501,4089,Bear,1.3496649,1.34796,1.3482549,4092,Bull,1.345685,1.3436301,1.345525,17/1/22 16:00,19/1/22 1:00,20/1/22 23:00,25/1/22 1:00,25/1/22 17:00,25/1/22 20:00,4094,1.3481,1.3465,1.3469,25/1/22 22:00
171,4073,Bull,1.3459251,1.3440299,1.3455501,4089,Bear,1.3496649,1.34796,1.3482549,4092,Bull,1.345685,1.3436301,1.345525,4115,Bear,1.352365,1.35092,1.3512449,4119,Bull,1.3512449,1.34917,1.35099,4123,Bear,1.352495,1.3459201,1.3466649,25/1/22 1:00,25/1/22 17:00,25/1/22 20:00,26/1/22 19:00,26/1/22 23:00,27/1/22 3:00,4129,1.3453,1.3443,1.3451,27/1/22 9:00
172,3920,Bear,1.374285,1.372365,1.3733499,3930,Bull,1.367295,1.36534,1.3670499,3944,Bear,1.368995,1.367625,1.3677349,4092,Bull,1.345685,1.3436301,1.345525,4123,Bear,1.352495,1.3459201,1.3466649,4141,Bull,1.3394799,1.33581,1.338,14/1/22 16:00,15/1/22 2:00,17/1/22 16:00,25/1/22 20:00,27/1/22 3:00,27/1/22 21:00,4156,1.3409,1.3399,1.3407,28/1/22 12:00
173,3920,Bear,1.374285,1.372365,1.3733499,3977,Bull,1.3587799,1.35729,1.3577249,4023,Bear,1.36619,1.363275,1.3655901,4092,Bull,1.345685,1.3436301,1.345525,4123,Bear,1.352495,1.3459201,1.3466649,4141,Bull,1.3394799,1.33581,1.338,14/1/22 16:00,19/1/22 1:00,20/1/22 23:00,25/1/22 20:00,27/1/22 3:00,27/1/22 21:00,4156,1.3409,1.3399,1.3407,28/1/22 12:00
174,3944,Bear,1.368995,1.367625,1.3677349,3977,Bull,1.3587799,1.35729,1.3577249,4023,Bear,1.36619,1.363275,1.3655901,4092,Bull,1.345685,1.3436301,1.345525,4123,Bear,1.352495,1.3459201,1.3466649,4141,Bull,1.3394799,1.33581,1.338,17/1/22 16:00,19/1/22 1:00,20/1/22 23:00,25/1/22 20:00,27/1/22 3:00,27/1/22 21:00,4156,1.3409,1.3399,1.3407,28/1/22 12:00
175,4455,Bull,1.3531051,1.348655,1.3521249,4484,Bear,1.360115,1.3590851,1.359335,4492,Bull,1.35875,1.355545,1.35716,4502,Bear,1.3638101,1.360865,1.3615999,4514,Bull,1.3610699,1.3600049,1.360525,4520,Bear,1.364295,1.3618951,1.3635249,15/2/22 23:00,17/2/22 4:00,17/2/22 12:00,17/2/22 22:00,18/2/22 10:00,18/2/22 16:00,4525,1.3618,1.3601,1.3607,18/2/22 21:00
176,4502,Bear,1.3638101,1.360865,1.3615999,4514,Bull,1.3610699,1.3600049,1.360525,4520,Bear,1.364295,1.3618951,1.3635249,4624,Bull,1.33605,1.32729,1.335655,4636,Bear,1.3438799,1.3420451,1.34302,4711,Bull,1.3297501,1.3271551,1.3290999,17/2/22 22:00,18/2/22 10:00,18/2/22 16:00,25/2/22 0:00,25/2/22 12:00,2/3/22 15:00,4713,1.3316,1.3279,1.3308,2/3/22 17:00
177,4502,Bear,1.3638101,1.360865,1.3615999,4514,Bull,1.3610699,1.3600049,1.360525,4520,Bear,1.364295,1.3618951,1.3635249,4624,Bull,1.33605,1.32729,1.335655,4687,Bear,1.343755,1.3419149,1.342365,4711,Bull,1.3297501,1.3271551,1.3290999,17/2/22 22:00,18/2/22 10:00,18/2/22 16:00,25/2/22 0:00,1/3/22 15:00,2/3/22 15:00,4713,1.3316,1.3279,1.3308,2/3/22 17:00
178,4520,Bear,1.364295,1.3618951,1.3635249,4528,Bull,1.35939,1.3573201,1.35846,4544,Bear,1.3638649,1.362355,1.3634701,4624,Bull,1.33605,1.32729,1.335655,4636,Bear,1.3438799,1.3420451,1.34302,4711,Bull,1.3297501,1.3271551,1.3290999,18/2/22 16:00,19/2/22 0:00,21/2/22 16:00,25/2/22 0:00,25/2/22 12:00,2/3/22 15:00,4713,1.3316,1.3279,1.3308,2/3/22 17:00
179,4520,Bear,1.364295,1.3618951,1.3635249,4528,Bull,1.35939,1.3573201,1.35846,4544,Bear,1.3638649,1.362355,1.3634701,4624,Bull,1.33605,1.32729,1.335655,4687,Bear,1.343755,1.3419149,1.342365,4711,Bull,1.3297501,1.3271551,1.3290999,18/2/22 16:00,19/2/22 0:00,21/2/22 16:00,25/2/22 0:00,1/3/22 15:00,2/3/22 15:00,4713,1.3316,1.3279,1.3308,2/3/22 17:00
180,4520,Bear,1.364295,1.3618951,1.3635249,4575,Bull,1.3603151,1.3538499,1.3590851,4592,Bear,1.3620651,1.3603699,1.3604851,4624,Bull,1.33605,1.32729,1.335655,4636,Bear,1.3438799,1.3420451,1.34302,4711,Bull,1.3297501,1.3271551,1.3290999,18/2/22 16:00,22/2/22 23:00,23/2/22 16:00,25/2/22 0:00,25/2/22 12:00,2/3/22 15:00,4713,1.3316,1.3279,1.3308,2/3/22 17:00
181,4520,Bear,1.364295,1.3618951,1.3635249,4575,Bull,1.3603151,1.3538499,1.3590851,4592,Bear,1.3620651,1.3603699,1.3604851,4624,Bull,1.33605,1.32729,1.335655,4687,Bear,1.343755,1.3419149,1.342365,4711,Bull,1.3297501,1.3271551,1.3290999,18/2/22 16:00,22/2/22 23:00,23/2/22 16:00,25/2/22 0:00,1/3/22 15:00,2/3/22 15:00,4713,1.3316,1.3279,1.3308,2/3/22 17:00
182,4544,Bear,1.3638649,1.362355,1.3634701,4575,Bull,1.3603151,1.3538499,1.3590851,4592,Bear,1.3620651,1.3603699,1.3604851,4624,Bull,1.33605,1.32729,1.335655,4636,Bear,1.3438799,1.3420451,1.34302,4711,Bull,1.3297501,1.3271551,1.3290999,21/2/22 16:00,22/2/22 23:00,23/2/22 16:00,25/2/22 0:00,25/2/22 12:00,2/3/22 15:00,4713,1.3316,1.3279,1.3308,2/3/22 17:00
183,4544,Bear,1.3638649,1.362355,1.3634701,4575,Bull,1.3603151,1.3538499,1.3590851,4592,Bear,1.3620651,1.3603699,1.3604851,4624,Bull,1.33605,1.32729,1.335655,4687,Bear,1.343755,1.3419149,1.342365,4711,Bull,1.3297501,1.3271551,1.3290999,21/2/22 16:00,22/2/22 23:00,23/2/22 16:00,25/2/22 0:00,1/3/22 15:00,2/3/22 15:00,4713,1.3316,1.3279,1.3308,2/3/22 17:00
184,4502,Bear,1.3638101,1.360865,1.3615999,4514,Bull,1.3610699,1.3600049,1.360525,4520,Bear,1.364295,1.3618951,1.3635249,4624,Bull,1.33605,1.32729,1.335655,4636,Bear,1.3438799,1.3420451,1.34302,4767,Bull,1.3227899,1.320235,1.3218651,17/2/22 22:00,18/2/22 10:00,18/2/22 16:00,25/2/22 0:00,25/2/22 12:00,4/3/22 23:00,4770,1.3241,1.3227,1.3238,5/3/22 2:00
185,4502,Bear,1.3638101,1.360865,1.3615999,4514,Bull,1.3610699,1.3600049,1.360525,4520,Bear,1.364295,1.3618951,1.3635249,4624,Bull,1.33605,1.32729,1.335655,4687,Bear,1.343755,1.3419149,1.342365,4767,Bull,1.3227899,1.320235,1.3218651,17/2/22 22:00,18/2/22 10:00,18/2/22 16:00,25/2/22 0:00,1/3/22 15:00,4/3/22 23:00,4770,1.3241,1.3227,1.3238,5/3/22 2:00
186,4502,Bear,1.3638101,1.360865,1.3615999,4514,Bull,1.3610699,1.3600049,1.360525,4520,Bear,1.364295,1.3618951,1.3635249,4711,Bull,1.3297501,1.3271551,1.3290999,4735,Bear,1.341805,1.3391,1.3392,4767,Bull,1.3227899,1.320235,1.3218651,17/2/22 22:00,18/2/22 10:00,18/2/22 16:00,2/3/22 15:00,3/3/22 15:00,4/3/22 23:00,4770,1.3241,1.3227,1.3238,5/3/22 2:00
187,4520,Bear,1.364295,1.3618951,1.3635249,4528,Bull,1.35939,1.3573201,1.35846,4544,Bear,1.3638649,1.362355,1.3634701,4624,Bull,1.33605,1.32729,1.335655,4636,Bear,1.3438799,1.3420451,1.34302,4767,Bull,1.3227899,1.320235,1.3218651,18/2/22 16:00,19/2/22 0:00,21/2/22 16:00,25/2/22 0:00,25/2/22 12:00,4/3/22 23:00,4770,1.3241,1.3227,1.3238,5/3/22 2:00
188,4520,Bear,1.364295,1.3618951,1.3635249,4528,Bull,1.35939,1.3573201,1.35846,4544,Bear,1.3638649,1.362355,1.3634701,4624,Bull,1.33605,1.32729,1.335655,4687,Bear,1.343755,1.3419149,1.342365,4767,Bull,1.3227899,1.320235,1.3218651,18/2/22 16:00,19/2/22 0:00,21/2/22 16:00,25/2/22 0:00,1/3/22 15:00,4/3/22 23:00,4770,1.3241,1.3227,1.3238,5/3/22 2:00
189,4520,Bear,1.364295,1.3618951,1.3635249,4528,Bull,1.35939,1.3573201,1.35846,4544,Bear,1.3638649,1.362355,1.3634701,4711,Bull,1.3297501,1.3271551,1.3290999,4735,Bear,1.341805,1.3391,1.3392,4767,Bull,1.3227899,1.320235,1.3218651,18/2/22 16:00,19/2/22 0:00,21/2/22 16:00,2/3/22 15:00,3/3/22 15:00,4/3/22 23:00,4770,1.3241,1.3227,1.3238,5/3/22 2:00
190,4520,Bear,1.364295,1.3618951,1.3635249,4575,Bull,1.3603151,1.3538499,1.3590851,4592,Bear,1.3620651,1.3603699,1.3604851,4624,Bull,1.33605,1.32729,1.335655,4636,Bear,1.3438799,1.3420451,1.34302,4767,Bull,1.3227899,1.320235,1.3218651,18/2/22 16:00,22/2/22 23:00,23/2/22 16:00,25/2/22 0:00,25/2/22 12:00,4/3/22 23:00,4770,1.3241,1.3227,1.3238,5/3/22 2:00
191,4520,Bear,1.364295,1.3618951,1.3635249,4575,Bull,1.3603151,1.3538499,1.3590851,4592,Bear,1.3620651,1.3603699,1.3604851,4624,Bull,1.33605,1.32729,1.335655,4687,Bear,1.343755,1.3419149,1.342365,4767,Bull,1.3227899,1.320235,1.3218651,18/2/22 16:00,22/2/22 23:00,23/2/22 16:00,25/2/22 0:00,1/3/22 15:00,4/3/22 23:00,4770,1.3241,1.3227,1.3238,5/3/22 2:00
192,4520,Bear,1.364295,1.3618951,1.3635249,4575,Bull,1.3603151,1.3538499,1.3590851,4592,Bear,1.3620651,1.3603699,1.3604851,4711,Bull,1.3297501,1.3271551,1.3290999,4735,Bear,1.341805,1.3391,1.3392,4767,Bull,1.3227899,1.320235,1.3218651,18/2/22 16:00,22/2/22 23:00,23/2/22 16:00,2/3/22 15:00,3/3/22 15:00,4/3/22 23:00,4770,1.3241,1.3227,1.3238,5/3/22 2:00
193,4544,Bear,1.3638649,1.362355,1.3634701,4575,Bull,1.3603151,1.3538499,1.3590851,4592,Bear,1.3620651,1.3603699,1.3604851,4624,Bull,1.33605,1.32729,1.335655,4636,Bear,1.3438799,1.3420451,1.34302,4767,Bull,1.3227899,1.320235,1.3218651,21/2/22 16:00,22/2/22 23:00,23/2/22 16:00,25/2/22 0:00,25/2/22 12:00,4/3/22 23:00,4770,1.3241,1.3227,1.3238,5/3/22 2:00
194,4544,Bear,1.3638649,1.362355,1.3634701,4575,Bull,1.3603151,1.3538499,1.3590851,4592,Bear,1.3620651,1.3603699,1.3604851,4624,Bull,1.33605,1.32729,1.335655,4687,Bear,1.343755,1.3419149,1.342365,4767,Bull,1.3227899,1.320235,1.3218651,21/2/22 16:00,22/2/22 23:00,23/2/22 16:00,25/2/22 0:00,1/3/22 15:00,4/3/22 23:00,4770,1.3241,1.3227,1.3238,5/3/22 2:00
195,4544,Bear,1.3638649,1.362355,1.3634701,4575,Bull,1.3603151,1.3538499,1.3590851,4592,Bear,1.3620651,1.3603699,1.3604851,4711,Bull,1.3297501,1.3271551,1.3290999,4735,Bear,1.341805,1.3391,1.3392,4767,Bull,1.3227899,1.320235,1.3218651,21/2/22 16:00,22/2/22 23:00,23/2/22 16:00,2/3/22 15:00,3/3/22 15:00,4/3/22 23:00,4770,1.3241,1.3227,1.3238,5/3/22 2:00
196,4520,Bear,1.364295,1.3618951,1.3635249,4528,Bull,1.35939,1.3573201,1.35846,4544,Bear,1.3638649,1.362355,1.3634701,4624,Bull,1.33605,1.32729,1.335655,4636,Bear,1.3438799,1.3420451,1.34302,4777,Bull,1.320655,1.3185251,1.32014,18/2/22 16:00,19/2/22 0:00,21/2/22 16:00,25/2/22 0:00,25/2/22 12:00,7/3/22 9:00,4779,1.3222,1.3193,1.3209,7/3/22 11:00
197,4520,Bear,1.364295,1.3618951,1.3635249,4528,Bull,1.35939,1.3573201,1.35846,4544,Bear,1.3638649,1.362355,1.3634701,4624,Bull,1.33605,1.32729,1.335655,4687,Bear,1.343755,1.3419149,1.342365,4777,Bull,1.320655,1.3185251,1.32014,18/2/22 16:00,19/2/22 0:00,21/2/22 16:00,25/2/22 0:00,1/3/22 15:00,7/3/22 9:00,4779,1.3222,1.3193,1.3209,7/3/22 11:00
198,4520,Bear,1.364295,1.3618951,1.3635249,4528,Bull,1.35939,1.3573201,1.35846,4544,Bear,1.3638649,1.362355,1.3634701,4711,Bull,1.3297501,1.3271551,1.3290999,4735,Bear,1.341805,1.3391,1.3392,4777,Bull,1.320655,1.3185251,1.32014,18/2/22 16:00,19/2/22 0:00,21/2/22 16:00,2/3/22 15:00,3/3/22 15:00,7/3/22 9:00,4779,1.3222,1.3193,1.3209,7/3/22 11:00
199,4520,Bear,1.364295,1.3618951,1.3635249,4575,Bull,1.3603151,1.3538499,1.3590851,4592,Bear,1.3620651,1.3603699,1.3604851,4624,Bull,1.33605,1.32729,1.335655,4636,Bear,1.3438799,1.3420451,1.34302,4777,Bull,1.320655,1.3185251,1.32014,18/2/22 16:00,22/2/22 23:00,23/2/22 16:00,25/2/22 0:00,25/2/22 12:00,7/3/22 9:00,4779,1.3222,1.3193,1.3209,7/3/22 11:00
200,4520,Bear,1.364295,1.3618951,1.3635249,4575,Bull,1.3603151,1.3538499,1.3590851,4592,Bear,1.3620651,1.3603699,1.3604851,4624,Bull,1.33605,1.32729,1.335655,4687,Bear,1.343755,1.3419149,1.342365,4777,Bull,1.320655,1.3185251,1.32014,18/2/22 16:00,22/2/22 23:00,23/2/22 16:00,25/2/22 0:00,1/3/22 15:00,7/3/22 9:00,4779,1.3222,1.3193,1.3209,7/3/22 11:00
201,4520,Bear,1.364295,1.3618951,1.3635249,4575,Bull,1.3603151,1.3538499,1.3590851,4592,Bear,1.3620651,1.3603699,1.3604851,4711,Bull,1.3297501,1.3271551,1.3290999,4735,Bear,1.341805,1.3391,1.3392,4777,Bull,1.320655,1.3185251,1.32014,18/2/22 16:00,22/2/22 23:00,23/2/22 16:00,2/3/22 15:00,3/3/22 15:00,7/3/22 9:00,4779,1.3222,1.3193,1.3209,7/3/22 11:00
202,4544,Bear,1.3638649,1.362355,1.3634701,4575,Bull,1.3603151,1.3538499,1.3590851,4592,Bear,1.3620651,1.3603699,1.3604851,4624,Bull,1.33605,1.32729,1.335655,4636,Bear,1.3438799,1.3420451,1.34302,4777,Bull,1.320655,1.3185251,1.32014,21/2/22 16:00,22/2/22 23:00,23/2/22 16:00,25/2/22 0:00,25/2/22 12:00,7/3/22 9:00,4779,1.3222,1.3193,1.3209,7/3/22 11:00
203,4544,Bear,1.3638649,1.362355,1.3634701,4575,Bull,1.3603151,1.3538499,1.3590851,4592,Bear,1.3620651,1.3603699,1.3604851,4624,Bull,1.33605,1.32729,1.335655,4687,Bear,1.343755,1.3419149,1.342365,4777,Bull,1.320655,1.3185251,1.32014,21/2/22 16:00,22/2/22 23:00,23/2/22 16:00,25/2/22 0:00,1/3/22 15:00,7/3/22 9:00,4779,1.3222,1.3193,1.3209,7/3/22 11:00
204,4544,Bear,1.3638649,1.362355,1.3634701,4575,Bull,1.3603151,1.3538499,1.3590851,4592,Bear,1.3620651,1.3603699,1.3604851,4711,Bull,1.3297501,1.3271551,1.3290999,4735,Bear,1.341805,1.3391,1.3392,4777,Bull,1.320655,1.3185251,1.32014,21/2/22 16:00,22/2/22 23:00,23/2/22 16:00,2/3/22 15:00,3/3/22 15:00,7/3/22 9:00,4779,1.3222,1.3193,1.3209,7/3/22 11:00
205,4520,Bear,1.364295,1.3618951,1.3635249,4528,Bull,1.35939,1.3573201,1.35846,4544,Bear,1.3638649,1.362355,1.3634701,4624,Bull,1.33605,1.32729,1.335655,4636,Bear,1.3438799,1.3420451,1.34302,4800,Bull,1.311595,1.3101699,1.31073,18/2/22 16:00,19/2/22 0:00,21/2/22 16:00,25/2/22 0:00,25/2/22 12:00,8/3/22 8:00,,,,,
206,4520,Bear,1.364295,1.3618951,1.3635249,4528,Bull,1.35939,1.3573201,1.35846,4544,Bear,1.3638649,1.362355,1.3634701,4624,Bull,1.33605,1.32729,1.335655,4687,Bear,1.343755,1.3419149,1.342365,4800,Bull,1.311595,1.3101699,1.31073,18/2/22 16:00,19/2/22 0:00,21/2/22 16:00,25/2/22 0:00,1/3/22 15:00,8/3/22 8:00,,,,,
207,4520,Bear,1.364295,1.3618951,1.3635249,4528,Bull,1.35939,1.3573201,1.35846,4544,Bear,1.3638649,1.362355,1.3634701,4711,Bull,1.3297501,1.3271551,1.3290999,4735,Bear,1.341805,1.3391,1.3392,4800,Bull,1.311595,1.3101699,1.31073,18/2/22 16:00,19/2/22 0:00,21/2/22 16:00,2/3/22 15:00,3/3/22 15:00,8/3/22 8:00,,,,,
208,4520,Bear,1.364295,1.3618951,1.3635249,4575,Bull,1.3603151,1.3538499,1.3590851,4592,Bear,1.3620651,1.3603699,1.3604851,4624,Bull,1.33605,1.32729,1.335655,4636,Bear,1.3438799,1.3420451,1.34302,4800,Bull,1.311595,1.3101699,1.31073,18/2/22 16:00,22/2/22 23:00,23/2/22 16:00,25/2/22 0:00,25/2/22 12:00,8/3/22 8:00,,,,,
209,4520,Bear,1.364295,1.3618951,1.3635249,4575,Bull,1.3603151,1.3538499,1.3590851,4592,Bear,1.3620651,1.3603699,1.3604851,4624,Bull,1.33605,1.32729,1.335655,4687,Bear,1.343755,1.3419149,1.342365,4800,Bull,1.311595,1.3101699,1.31073,18/2/22 16:00,22/2/22 23:00,23/2/22 16:00,25/2/22 0:00,1/3/22 15:00,8/3/22 8:00,,,,,
210,4520,Bear,1.364295,1.3618951,1.3635249,4575,Bull,1.3603151,1.3538499,1.3590851,4592,Bear,1.3620651,1.3603699,1.3604851,4711,Bull,1.3297501,1.3271551,1.3290999,4735,Bear,1.341805,1.3391,1.3392,4800,Bull,1.311595,1.3101699,1.31073,18/2/22 16:00,22/2/22 23:00,23/2/22 16:00,2/3/22 15:00,3/3/22 15:00,8/3/22 8:00,,,,,
211,4544,Bear,1.3638649,1.362355,1.3634701,4575,Bull,1.3603151,1.3538499,1.3590851,4592,Bear,1.3620651,1.3603699,1.3604851,4624,Bull,1.33605,1.32729,1.335655,4636,Bear,1.3438799,1.3420451,1.34302,4800,Bull,1.311595,1.3101699,1.31073,21/2/22 16:00,22/2/22 23:00,23/2/22 16:00,25/2/22 0:00,25/2/22 12:00,8/3/22 8:00,,,,,
212,4544,Bear,1.3638649,1.362355,1.3634701,4575,Bull,1.3603151,1.3538499,1.3590851,4592,Bear,1.3620651,1.3603699,1.3604851,4624,Bull,1.33605,1.32729,1.335655,4687,Bear,1.343755,1.3419149,1.342365,4800,Bull,1.311595,1.3101699,1.31073,21/2/22 16:00,22/2/22 23:00,23/2/22 16:00,25/2/22 0:00,1/3/22 15:00,8/3/22 8:00,,,,,
213,4544,Bear,1.3638649,1.362355,1.3634701,4575,Bull,1.3603151,1.3538499,1.3590851,4592,Bear,1.3620651,1.3603699,1.3604851,4711,Bull,1.3297501,1.3271551,1.3290999,4735,Bear,1.341805,1.3391,1.3392,4800,Bull,1.311595,1.3101699,1.31073,21/2/22 16:00,22/2/22 23:00,23/2/22 16:00,2/3/22 15:00,3/3/22 15:00,8/3/22 8:00,,,,,
214,4544,Bear,1.3638649,1.362355,1.3634701,4575,Bull,1.3603151,1.3538499,1.3590851,4592,Bear,1.3620651,1.3603699,1.3604851,4624,Bull,1.33605,1.32729,1.335655,4636,Bear,1.3438799,1.3420451,1.34302,4807,Bull,1.311435,1.3082199,1.30916,21/2/22 16:00,22/2/22 23:00,23/2/22 16:00,25/2/22 0:00,25/2/22 12:00,8/3/22 15:00,4810,1.3134,1.3113,1.3121,8/3/22 18:00
215,4544,Bear,1.3638649,1.362355,1.3634701,4575,Bull,1.3603151,1.3538499,1.3590851,4592,Bear,1.3620651,1.3603699,1.3604851,4624,Bull,1.33605,1.32729,1.335655,4687,Bear,1.343755,1.3419149,1.342365,4807,Bull,1.311435,1.3082199,1.30916,21/2/22 16:00,22/2/22 23:00,23/2/22 16:00,25/2/22 0:00,1/3/22 15:00,8/3/22 15:00,4810,1.3134,1.3113,1.3121,8/3/22 18:00
216,4544,Bear,1.3638649,1.362355,1.3634701,4575,Bull,1.3603151,1.3538499,1.3590851,4592,Bear,1.3620651,1.3603699,1.3604851,4711,Bull,1.3297501,1.3271551,1.3290999,4735,Bear,1.341805,1.3391,1.3392,4807,Bull,1.311435,1.3082199,1.30916,21/2/22 16:00,22/2/22 23:00,23/2/22 16:00,2/3/22 15:00,3/3/22 15:00,8/3/22 15:00,4810,1.3134,1.3113,1.3121,8/3/22 18:00
217,4636,Bear,1.3438799,1.3420451,1.34302,4654,Bull,1.335575,1.331255,1.3340349,4687,Bear,1.343755,1.3419149,1.342365,4807,Bull,1.311435,1.3082199,1.30916,4856,Bear,1.3194749,1.3146801,1.31585,4880,Bull,1.3087101,1.305105,1.3059499,25/2/22 12:00,28/2/22 6:00,1/3/22 15:00,8/3/22 15:00,10/3/22 16:00,11/3/22 16:00,4883,1.312,1.3084,1.3108,11/3/22 19:00
218,4636,Bear,1.3438799,1.3420451,1.34302,4711,Bull,1.3297501,1.3271551,1.3290999,4735,Bear,1.341805,1.3391,1.3392,4807,Bull,1.311435,1.3082199,1.30916,4856,Bear,1.3194749,1.3146801,1.31585,4880,Bull,1.3087101,1.305105,1.3059499,25/2/22 12:00,2/3/22 15:00,3/3/22 15:00,8/3/22 15:00,10/3/22 16:00,11/3/22 16:00,4883,1.312,1.3084,1.3108,11/3/22 19:00
219,4687,Bear,1.343755,1.3419149,1.342365,4711,Bull,1.3297501,1.3271551,1.3290999,4735,Bear,1.341805,1.3391,1.3392,4807,Bull,1.311435,1.3082199,1.30916,4856,Bear,1.3194749,1.3146801,1.31585,4880,Bull,1.3087101,1.305105,1.3059499,1/3/22 15:00,2/3/22 15:00,3/3/22 15:00,8/3/22 15:00,10/3/22 16:00,11/3/22 16:00,4883,1.312,1.3084,1.3108,11/3/22 19:00
220,4687,Bear,1.343755,1.3419149,1.342365,4711,Bull,1.3297501,1.3271551,1.3290999,4735,Bear,1.341805,1.3391,1.3392,4807,Bull,1.311435,1.3082199,1.30916,4856,Bear,1.3194749,1.3146801,1.31585,4892,Bull,1.3040049,1.302755,1.30354,1/3/22 15:00,2/3/22 15:00,3/3/22 15:00,8/3/22 15:00,10/3/22 16:00,12/3/22 4:00,4894,1.3044,1.3033,1.3038,14/3/22 5:00
221,4687,Bear,1.343755,1.3419149,1.342365,4711,Bull,1.3297501,1.3271551,1.3290999,4735,Bear,1.341805,1.3391,1.3392,4880,Bull,1.3087101,1.305105,1.3059499,4884,Bear,1.312505,1.3079801,1.3092251,4892,Bull,1.3040049,1.302755,1.30354,1/3/22 15:00,2/3/22 15:00,3/3/22 15:00,11/3/22 16:00,11/3/22 20:00,12/3/22 4:00,4894,1.3044,1.3033,1.3038,14/3/22 5:00
222,4687,Bear,1.343755,1.3419149,1.342365,4711,Bull,1.3297501,1.3271551,1.3290999,4735,Bear,1.341805,1.3391,1.3392,4807,Bull,1.311435,1.3082199,1.30916,4856,Bear,1.3194749,1.3146801,1.31585,4901,Bull,1.302405,1.3009701,1.3023,1/3/22 15:00,2/3/22 15:00,3/3/22 15:00,8/3/22 15:00,10/3/22 16:00,14/3/22 12:00,4904,1.3043,1.3015,1.304,14/3/22 15:00
223,4687,Bear,1.343755,1.3419149,1.342365,4711,Bull,1.3297501,1.3271551,1.3290999,4735,Bear,1.341805,1.3391,1.3392,4880,Bull,1.3087101,1.305105,1.3059499,4884,Bear,1.312505,1.3079801,1.3092251,4901,Bull,1.302405,1.3009701,1.3023,1/3/22 15:00,2/3/22 15:00,3/3/22 15:00,11/3/22 16:00,11/3/22 20:00,14/3/22 12:00,4904,1.3043,1.3015,1.304,14/3/22 15:00
224,4735,Bear,1.341805,1.3391,1.3392,4807,Bull,1.311435,1.3082199,1.30916,4856,Bear,1.3194749,1.3146801,1.31585,4901,Bull,1.302405,1.3009701,1.3023,4909,Bear,1.307935,1.302275,1.3066599,4922,Bull,1.3015151,1.30004,1.300735,3/3/22 15:00,8/3/22 15:00,10/3/22 16:00,14/3/22 12:00,14/3/22 20:00,15/3/22 9:00,4924,1.3046,1.3025,1.3046,15/3/22 11:00
225,5067,Bear,1.329875,1.32796,1.3288751,5098,Bull,1.3178501,1.3157101,1.3175349,5117,Bear,1.32249,1.320615,1.322195,5151,Bull,1.3087549,1.306665,1.30829,5168,Bear,1.3115699,1.3086851,1.30917,5170,Bull,1.3099,1.3051,1.3085151,23/3/22 10:00,24/3/22 17:00,25/3/22 12:00,28/3/22 22:00,29/3/22 15:00,29/3/22 17:00,5172,1.3149,1.3065,1.3129,29/3/22 19:00
226,5199,Bear,1.318255,1.3161399,1.317215,5222,Bull,1.3141799,1.3106251,1.3134,5224,Bear,1.317565,1.3139551,1.3150151,5311,Bull,1.3064449,1.30456,1.305855,5314,Bear,1.31083,1.30932,1.309825,5366,Bull,1.3027749,1.2982049,1.298435,30/3/22 22:00,31/3/22 21:00,31/3/22 23:00,6/4/22 14:00,6/4/22 17:00,8/4/22 21:00,5369,1.3034,1.3027,1.3032,9/4/22 0:00
227,5199,Bear,1.318255,1.3161399,1.317215,5222,Bull,1.3141799,1.3106251,1.3134,5224,Bear,1.317565,1.3139551,1.3150151,5311,Bull,1.3064449,1.30456,1.305855,5336,Bear,1.31066,1.3085251,1.309015,5366,Bull,1.3027749,1.2982049,1.298435,30/3/22 22:00,31/3/22 21:00,31/3/22 23:00,6/4/22 14:00,7/4/22 15:00,8/4/22 21:00,5369,1.3034,1.3027,1.3032,9/4/22 0:00
228,5199,Bear,1.318255,1.3161399,1.317215,5222,Bull,1.3141799,1.3106251,1.3134,5224,Bear,1.317565,1.3139551,1.3150151,5311,Bull,1.3064449,1.30456,1.305855,5314,Bear,1.31083,1.30932,1.309825,5432,Bull,1.3000951,1.297315,1.2999799,30/3/22 22:00,31/3/22 21:00,31/3/22 23:00,6/4/22 14:00,6/4/22 17:00,13/4/22 15:00,5436,1.3025,1.2997,1.3,13/4/22 19:00
229,5199,Bear,1.318255,1.3161399,1.317215,5222,Bull,1.3141799,1.3106251,1.3134,5224,Bear,1.317565,1.3139551,1.3150151,5311,Bull,1.3064449,1.30456,1.305855,5336,Bear,1.31066,1.3085251,1.309015,5432,Bull,1.3000951,1.297315,1.2999799,30/3/22 22:00,31/3/22 21:00,31/3/22 23:00,6/4/22 14:00,7/4/22 15:00,13/4/22 15:00,5436,1.3025,1.2997,1.3,13/4/22 19:00
230,5199,Bear,1.318255,1.3161399,1.317215,5222,Bull,1.3141799,1.3106251,1.3134,5224,Bear,1.317565,1.3139551,1.3150151,5366,Bull,1.3027749,1.2982049,1.298435,5386,Bear,1.305695,1.30231,1.30526,5432,Bull,1.3000951,1.297315,1.2999799,30/3/22 22:00,31/3/22 21:00,31/3/22 23:00,8/4/22 21:00,11/4/22 17:00,13/4/22 15:00,5436,1.3025,1.2997,1.3,13/4/22 19:00
231,5199,Bear,1.318255,1.3161399,1.317215,5222,Bull,1.3141799,1.3106251,1.3134,5224,Bear,1.317565,1.3139551,1.3150151,5366,Bull,1.3027749,1.2982049,1.298435,5414,Bear,1.30539,1.303355,1.3036749,5432,Bull,1.3000951,1.297315,1.2999799,30/3/22 22:00,31/3/22 21:00,31/3/22 23:00,8/4/22 21:00,12/4/22 21:00,13/4/22 15:00,5436,1.3025,1.2997,1.3,13/4/22 19:00
232,5199,Bear,1.318255,1.3161399,1.317215,5247,Bull,1.31129,1.308655,1.3108151,5295,Bear,1.31669,1.3112049,1.313035,5366,Bull,1.3027749,1.2982049,1.298435,5386,Bear,1.305695,1.30231,1.30526,5432,Bull,1.3000951,1.297315,1.2999799,30/3/22 22:00,1/4/22 22:00,5/4/22 22:00,8/4/22 21:00,11/4/22 17:00,13/4/22 15:00,5436,1.3025,1.2997,1.3,13/4/22 19:00
233,5199,Bear,1.318255,1.3161399,1.317215,5247,Bull,1.31129,1.308655,1.3108151,5295,Bear,1.31669,1.3112049,1.313035,5366,Bull,1.3027749,1.2982049,1.298435,5414,Bear,1.30539,1.303355,1.3036749,5432,Bull,1.3000951,1.297315,1.2999799,30/3/22 22:00,1/4/22 22:00,5/4/22 22:00,8/4/22 21:00,12/4/22 21:00,13/4/22 15:00,5436,1.3025,1.2997,1.3,13/4/22 19:00
234,5224,Bear,1.317565,1.3139551,1.3150151,5247,Bull,1.31129,1.308655,1.3108151,5295,Bear,1.31669,1.3112049,1.313035,5366,Bull,1.3027749,1.2982049,1.298435,5386,Bear,1.305695,1.30231,1.30526,5432,Bull,1.3000951,1.297315,1.2999799,31/3/22 23:00,1/4/22 22:00,5/4/22 22:00,8/4/22 21:00,11/4/22 17:00,13/4/22 15:00,5436,1.3025,1.2997,1.3,13/4/22 19:00
235,5224,Bear,1.317565,1.3139551,1.3150151,5247,Bull,1.31129,1.308655,1.3108151,5295,Bear,1.31669,1.3112049,1.313035,5366,Bull,1.3027749,1.2982049,1.298435,5414,Bear,1.30539,1.303355,1.3036749,5432,Bull,1.3000951,1.297315,1.2999799,31/3/22 23:00,1/4/22 22:00,5/4/22 22:00,8/4/22 21:00,12/4/22 21:00,13/4/22 15:00,5436,1.3025,1.2997,1.3,13/4/22 19:00